REFTEST TEST-UNEXPECTED-FAIL | firefox-issue13447-annotations-page1 | image comparison (==)
REFTEST   IMAGE 1 (TEST)(816x1056x1): test_snapshots/win32/firefox/issue13447-annotations/1.png
REFTEST   IMAGE 2 (REFERENCE)(816x1056x1): test_snapshots/win32/firefox/issue13447-annotations/1_ref.png
REFTEST TEST-UNEXPECTED-FAIL | firefox-issue13343-page2 | image comparison (==)
REFTEST   IMAGE 1 (TEST)(266x66x1): test_snapshots/win32/firefox/issue13343/2.png
REFTEST   IMAGE 2 (REFERENCE)(266x66x1): test_snapshots/win32/firefox/issue13343/2_ref.png
REFTEST TEST-UNEXPECTED-FAIL | firefox-issue15441-page1 | image comparison (==)
REFTEST   IMAGE 1 (TEST)(300x66x1): test_snapshots/win32/firefox/issue15441/1.png
REFTEST   IMAGE 2 (REFERENCE)(300x66x1): test_snapshots/win32/firefox/issue15441/1_ref.png
REFTEST TEST-UNEXPECTED-FAIL | firefox-taro-text-page1 | image comparison (==)
REFTEST   IMAGE 1 (TEST)(793x1122x1): test_snapshots/win32/firefox/taro-text/1.png
REFTEST   IMAGE 2 (REFERENCE)(793x1122x1): test_snapshots/win32/firefox/taro-text/1_ref.png
REFTEST TEST-UNEXPECTED-FAIL | firefox-taro-text-page2 | image comparison (==)
REFTEST   IMAGE 1 (TEST)(793x1122x1): test_snapshots/win32/firefox/taro-text/2.png
REFTEST   IMAGE 2 (REFERENCE)(793x1122x1): test_snapshots/win32/firefox/taro-text/2_ref.png
REFTEST TEST-UNEXPECTED-FAIL | firefox-taro-text-page3 | image comparison (==)
REFTEST   IMAGE 1 (TEST)(793x1122x1): test_snapshots/win32/firefox/taro-text/3.png
REFTEST   IMAGE 2 (REFERENCE)(793x1122x1): test_snapshots/win32/firefox/taro-text/3_ref.png
REFTEST TEST-UNEXPECTED-FAIL | firefox-taro-text-page4 | image comparison (==)
REFTEST   IMAGE 1 (TEST)(793x1122x1): test_snapshots/win32/firefox/taro-text/4.png
REFTEST   IMAGE 2 (REFERENCE)(793x1122x1): test_snapshots/win32/firefox/taro-text/4_ref.png
REFTEST TEST-UNEXPECTED-FAIL | firefox-issue15577-page1 | image comparison (==)
REFTEST   IMAGE 1 (TEST)(816x1056x1): test_snapshots/win32/firefox/issue15577/1.png
REFTEST   IMAGE 2 (REFERENCE)(816x1056x1): test_snapshots/win32/firefox/issue15577/1_ref.png
REFTEST TEST-UNEXPECTED-FAIL | firefox-bug847420-page1 | image comparison (==)
REFTEST   IMAGE 1 (TEST)(266x66x1): test_snapshots/win32/firefox/bug847420/1.png
REFTEST   IMAGE 2 (REFERENCE)(266x66x1): test_snapshots/win32/firefox/bug847420/1_ref.png
REFTEST TEST-UNEXPECTED-FAIL | firefox-artofwar-page2 | image comparison (==)
REFTEST   IMAGE 1 (TEST)(816x1056x1): test_snapshots/win32/firefox/artofwar/2.png
REFTEST   IMAGE 2 (REFERENCE)(816x1056x1): test_snapshots/win32/firefox/artofwar/2_ref.png
REFTEST TEST-UNEXPECTED-FAIL | firefox-artofwar-page4 | image comparison (==)
REFTEST   IMAGE 1 (TEST)(816x1056x1): test_snapshots/win32/firefox/artofwar/4.png
REFTEST   IMAGE 2 (REFERENCE)(816x1056x1): test_snapshots/win32/firefox/artofwar/4_ref.png
REFTEST TEST-UNEXPECTED-FAIL | firefox-artofwar-page5 | image comparison (==)
REFTEST   IMAGE 1 (TEST)(816x1056x1): test_snapshots/win32/firefox/artofwar/5.png
REFTEST   IMAGE 2 (REFERENCE)(816x1056x1): test_snapshots/win32/firefox/artofwar/5_ref.png
REFTEST TEST-UNEXPECTED-FAIL | firefox-artofwar-page6 | image comparison (==)
REFTEST   IMAGE 1 (TEST)(816x1056x1): test_snapshots/win32/firefox/artofwar/6.png
REFTEST   IMAGE 2 (REFERENCE)(816x1056x1): test_snapshots/win32/firefox/artofwar/6_ref.png
REFTEST TEST-UNEXPECTED-FAIL | firefox-artofwar-page7 | image comparison (==)
REFTEST   IMAGE 1 (TEST)(816x1056x1): test_snapshots/win32/firefox/artofwar/7.png
REFTEST   IMAGE 2 (REFERENCE)(816x1056x1): test_snapshots/win32/firefox/artofwar/7_ref.png
REFTEST TEST-UNEXPECTED-FAIL | firefox-artofwar-page8 | image comparison (==)
REFTEST   IMAGE 1 (TEST)(816x1056x1): test_snapshots/win32/firefox/artofwar/8.png
REFTEST   IMAGE 2 (REFERENCE)(816x1056x1): test_snapshots/win32/firefox/artofwar/8_ref.png
REFTEST TEST-UNEXPECTED-FAIL | firefox-artofwar-page9 | image comparison (==)
REFTEST   IMAGE 1 (TEST)(816x1056x1): test_snapshots/win32/firefox/artofwar/9.png
REFTEST   IMAGE 2 (REFERENCE)(816x1056x1): test_snapshots/win32/firefox/artofwar/9_ref.png
REFTEST TEST-UNEXPECTED-FAIL | firefox-artofwar-page10 | image comparison (==)
REFTEST   IMAGE 1 (TEST)(816x1056x1): test_snapshots/win32/firefox/artofwar/10.png
REFTEST   IMAGE 2 (REFERENCE)(816x1056x1): test_snapshots/win32/firefox/artofwar/10_ref.png
REFTEST TEST-UNEXPECTED-FAIL | firefox-artofwar-page11 | image comparison (==)
REFTEST   IMAGE 1 (TEST)(816x1056x1): test_snapshots/win32/firefox/artofwar/11.png
REFTEST   IMAGE 2 (REFERENCE)(816x1056x1): test_snapshots/win32/firefox/artofwar/11_ref.png
REFTEST TEST-UNEXPECTED-FAIL | firefox-artofwar-page12 | image comparison (==)
REFTEST   IMAGE 1 (TEST)(816x1056x1): test_snapshots/win32/firefox/artofwar/12.png
REFTEST   IMAGE 2 (REFERENCE)(816x1056x1): test_snapshots/win32/firefox/artofwar/12_ref.png
REFTEST TEST-UNEXPECTED-FAIL | firefox-artofwar-page13 | image comparison (==)
REFTEST   IMAGE 1 (TEST)(816x1056x1): test_snapshots/win32/firefox/artofwar/13.png
REFTEST   IMAGE 2 (REFERENCE)(816x1056x1): test_snapshots/win32/firefox/artofwar/13_ref.png
REFTEST TEST-UNEXPECTED-FAIL | firefox-artofwar-page14 | image comparison (==)
REFTEST   IMAGE 1 (TEST)(816x1056x1): test_snapshots/win32/firefox/artofwar/14.png
REFTEST   IMAGE 2 (REFERENCE)(816x1056x1): test_snapshots/win32/firefox/artofwar/14_ref.png
REFTEST TEST-UNEXPECTED-FAIL | firefox-artofwar-page15 | image comparison (==)
REFTEST   IMAGE 1 (TEST)(816x1056x1): test_snapshots/win32/firefox/artofwar/15.png
REFTEST   IMAGE 2 (REFERENCE)(816x1056x1): test_snapshots/win32/firefox/artofwar/15_ref.png
REFTEST TEST-UNEXPECTED-FAIL | firefox-artofwar-page16 | image comparison (==)
REFTEST   IMAGE 1 (TEST)(816x1056x1): test_snapshots/win32/firefox/artofwar/16.png
REFTEST   IMAGE 2 (REFERENCE)(816x1056x1): test_snapshots/win32/firefox/artofwar/16_ref.png
REFTEST TEST-UNEXPECTED-FAIL | firefox-artofwar-page17 | image comparison (==)
REFTEST   IMAGE 1 (TEST)(816x1056x1): test_snapshots/win32/firefox/artofwar/17.png
REFTEST   IMAGE 2 (REFERENCE)(816x1056x1): test_snapshots/win32/firefox/artofwar/17_ref.png
REFTEST TEST-UNEXPECTED-FAIL | firefox-artofwar-page18 | image comparison (==)
REFTEST   IMAGE 1 (TEST)(816x1056x1): test_snapshots/win32/firefox/artofwar/18.png
REFTEST   IMAGE 2 (REFERENCE)(816x1056x1): test_snapshots/win32/firefox/artofwar/18_ref.png
REFTEST TEST-UNEXPECTED-FAIL | firefox-artofwar-page19 | image comparison (==)
REFTEST   IMAGE 1 (TEST)(816x1056x1): test_snapshots/win32/firefox/artofwar/19.png
REFTEST   IMAGE 2 (REFERENCE)(816x1056x1): test_snapshots/win32/firefox/artofwar/19_ref.png
REFTEST TEST-UNEXPECTED-FAIL | firefox-artofwar-page20 | image comparison (==)
REFTEST   IMAGE 1 (TEST)(816x1056x1): test_snapshots/win32/firefox/artofwar/20.png
REFTEST   IMAGE 2 (REFERENCE)(816x1056x1): test_snapshots/win32/firefox/artofwar/20_ref.png
REFTEST TEST-UNEXPECTED-FAIL | firefox-artofwar-page21 | image comparison (==)
REFTEST   IMAGE 1 (TEST)(816x1056x1): test_snapshots/win32/firefox/artofwar/21.png
REFTEST   IMAGE 2 (REFERENCE)(816x1056x1): test_snapshots/win32/firefox/artofwar/21_ref.png
REFTEST TEST-UNEXPECTED-FAIL | firefox-artofwar-page22 | image comparison (==)
REFTEST   IMAGE 1 (TEST)(816x1056x1): test_snapshots/win32/firefox/artofwar/22.png
REFTEST   IMAGE 2 (REFERENCE)(816x1056x1): test_snapshots/win32/firefox/artofwar/22_ref.png
REFTEST TEST-UNEXPECTED-FAIL | firefox-artofwar-page23 | image comparison (==)
REFTEST   IMAGE 1 (TEST)(816x1056x1): test_snapshots/win32/firefox/artofwar/23.png
REFTEST   IMAGE 2 (REFERENCE)(816x1056x1): test_snapshots/win32/firefox/artofwar/23_ref.png
REFTEST TEST-UNEXPECTED-FAIL | firefox-artofwar-page24 | image comparison (==)
REFTEST   IMAGE 1 (TEST)(816x1056x1): test_snapshots/win32/firefox/artofwar/24.png
REFTEST   IMAGE 2 (REFERENCE)(816x1056x1): test_snapshots/win32/firefox/artofwar/24_ref.png
REFTEST TEST-UNEXPECTED-FAIL | firefox-artofwar-page25 | image comparison (==)
REFTEST   IMAGE 1 (TEST)(816x1056x1): test_snapshots/win32/firefox/artofwar/25.png
REFTEST   IMAGE 2 (REFERENCE)(816x1056x1): test_snapshots/win32/firefox/artofwar/25_ref.png
REFTEST TEST-UNEXPECTED-FAIL | firefox-artofwar-page26 | image comparison (==)
REFTEST   IMAGE 1 (TEST)(816x1056x1): test_snapshots/win32/firefox/artofwar/26.png
REFTEST   IMAGE 2 (REFERENCE)(816x1056x1): test_snapshots/win32/firefox/artofwar/26_ref.png
REFTEST TEST-UNEXPECTED-FAIL | firefox-artofwar-page27 | image comparison (==)
REFTEST   IMAGE 1 (TEST)(816x1056x1): test_snapshots/win32/firefox/artofwar/27.png
REFTEST   IMAGE 2 (REFERENCE)(816x1056x1): test_snapshots/win32/firefox/artofwar/27_ref.png
REFTEST TEST-UNEXPECTED-FAIL | firefox-artofwar-page28 | image comparison (==)
REFTEST   IMAGE 1 (TEST)(816x1056x1): test_snapshots/win32/firefox/artofwar/28.png
REFTEST   IMAGE 2 (REFERENCE)(816x1056x1): test_snapshots/win32/firefox/artofwar/28_ref.png
REFTEST TEST-UNEXPECTED-FAIL | firefox-artofwar-page29 | image comparison (==)
REFTEST   IMAGE 1 (TEST)(816x1056x1): test_snapshots/win32/firefox/artofwar/29.png
REFTEST   IMAGE 2 (REFERENCE)(816x1056x1): test_snapshots/win32/firefox/artofwar/29_ref.png
REFTEST TEST-UNEXPECTED-FAIL | firefox-artofwar-page30 | image comparison (==)
REFTEST   IMAGE 1 (TEST)(816x1056x1): test_snapshots/win32/firefox/artofwar/30.png
REFTEST   IMAGE 2 (REFERENCE)(816x1056x1): test_snapshots/win32/firefox/artofwar/30_ref.png
REFTEST TEST-UNEXPECTED-FAIL | firefox-artofwar-page31 | image comparison (==)
REFTEST   IMAGE 1 (TEST)(816x1056x1): test_snapshots/win32/firefox/artofwar/31.png
REFTEST   IMAGE 2 (REFERENCE)(816x1056x1): test_snapshots/win32/firefox/artofwar/31_ref.png
REFTEST TEST-UNEXPECTED-FAIL | firefox-artofwar-page32 | image comparison (==)
REFTEST   IMAGE 1 (TEST)(816x1056x1): test_snapshots/win32/firefox/artofwar/32.png
REFTEST   IMAGE 2 (REFERENCE)(816x1056x1): test_snapshots/win32/firefox/artofwar/32_ref.png
REFTEST TEST-UNEXPECTED-FAIL | firefox-artofwar-page33 | image comparison (==)
REFTEST   IMAGE 1 (TEST)(816x1056x1): test_snapshots/win32/firefox/artofwar/33.png
REFTEST   IMAGE 2 (REFERENCE)(816x1056x1): test_snapshots/win32/firefox/artofwar/33_ref.png
REFTEST TEST-UNEXPECTED-FAIL | firefox-artofwar-page34 | image comparison (==)
REFTEST   IMAGE 1 (TEST)(816x1056x1): test_snapshots/win32/firefox/artofwar/34.png
REFTEST   IMAGE 2 (REFERENCE)(816x1056x1): test_snapshots/win32/firefox/artofwar/34_ref.png
REFTEST TEST-UNEXPECTED-FAIL | firefox-artofwar-page35 | image comparison (==)
REFTEST   IMAGE 1 (TEST)(816x1056x1): test_snapshots/win32/firefox/artofwar/35.png
REFTEST   IMAGE 2 (REFERENCE)(816x1056x1): test_snapshots/win32/firefox/artofwar/35_ref.png
REFTEST TEST-UNEXPECTED-FAIL | firefox-artofwar-page36 | image comparison (==)
REFTEST   IMAGE 1 (TEST)(816x1056x1): test_snapshots/win32/firefox/artofwar/36.png
REFTEST   IMAGE 2 (REFERENCE)(816x1056x1): test_snapshots/win32/firefox/artofwar/36_ref.png
REFTEST TEST-UNEXPECTED-FAIL | firefox-artofwar-page37 | image comparison (==)
REFTEST   IMAGE 1 (TEST)(816x1056x1): test_snapshots/win32/firefox/artofwar/37.png
REFTEST   IMAGE 2 (REFERENCE)(816x1056x1): test_snapshots/win32/firefox/artofwar/37_ref.png
REFTEST TEST-UNEXPECTED-FAIL | firefox-artofwar-page38 | image comparison (==)
REFTEST   IMAGE 1 (TEST)(816x1056x1): test_snapshots/win32/firefox/artofwar/38.png
REFTEST   IMAGE 2 (REFERENCE)(816x1056x1): test_snapshots/win32/firefox/artofwar/38_ref.png
REFTEST TEST-UNEXPECTED-FAIL | firefox-artofwar-page39 | image comparison (==)
REFTEST   IMAGE 1 (TEST)(816x1056x1): test_snapshots/win32/firefox/artofwar/39.png
REFTEST   IMAGE 2 (REFERENCE)(816x1056x1): test_snapshots/win32/firefox/artofwar/39_ref.png
REFTEST TEST-UNEXPECTED-FAIL | firefox-artofwar-page40 | image comparison (==)
REFTEST   IMAGE 1 (TEST)(816x1056x1): test_snapshots/win32/firefox/artofwar/40.png
REFTEST   IMAGE 2 (REFERENCE)(816x1056x1): test_snapshots/win32/firefox/artofwar/40_ref.png
REFTEST TEST-UNEXPECTED-FAIL | firefox-artofwar-page41 | image comparison (==)
REFTEST   IMAGE 1 (TEST)(816x1056x1): test_snapshots/win32/firefox/artofwar/41.png
REFTEST   IMAGE 2 (REFERENCE)(816x1056x1): test_snapshots/win32/firefox/artofwar/41_ref.png
REFTEST TEST-UNEXPECTED-FAIL | firefox-artofwar-page42 | image comparison (==)
REFTEST   IMAGE 1 (TEST)(816x1056x1): test_snapshots/win32/firefox/artofwar/42.png
REFTEST   IMAGE 2 (REFERENCE)(816x1056x1): test_snapshots/win32/firefox/artofwar/42_ref.png
REFTEST TEST-UNEXPECTED-FAIL | firefox-artofwar-page43 | image comparison (==)
REFTEST   IMAGE 1 (TEST)(816x1056x1): test_snapshots/win32/firefox/artofwar/43.png
REFTEST   IMAGE 2 (REFERENCE)(816x1056x1): test_snapshots/win32/firefox/artofwar/43_ref.png
REFTEST TEST-UNEXPECTED-FAIL | firefox-artofwar-page44 | image comparison (==)
REFTEST   IMAGE 1 (TEST)(816x1056x1): test_snapshots/win32/firefox/artofwar/44.png
REFTEST   IMAGE 2 (REFERENCE)(816x1056x1): test_snapshots/win32/firefox/artofwar/44_ref.png
REFTEST TEST-UNEXPECTED-FAIL | firefox-artofwar-page45 | image comparison (==)
REFTEST   IMAGE 1 (TEST)(816x1056x1): test_snapshots/win32/firefox/artofwar/45.png
REFTEST   IMAGE 2 (REFERENCE)(816x1056x1): test_snapshots/win32/firefox/artofwar/45_ref.png
REFTEST TEST-UNEXPECTED-FAIL | firefox-artofwar-page46 | image comparison (==)
REFTEST   IMAGE 1 (TEST)(816x1056x1): test_snapshots/win32/firefox/artofwar/46.png
REFTEST   IMAGE 2 (REFERENCE)(816x1056x1): test_snapshots/win32/firefox/artofwar/46_ref.png
REFTEST TEST-UNEXPECTED-FAIL | firefox-artofwar-page47 | image comparison (==)
REFTEST   IMAGE 1 (TEST)(816x1056x1): test_snapshots/win32/firefox/artofwar/47.png
REFTEST   IMAGE 2 (REFERENCE)(816x1056x1): test_snapshots/win32/firefox/artofwar/47_ref.png
REFTEST TEST-UNEXPECTED-FAIL | firefox-artofwar-page48 | image comparison (==)
REFTEST   IMAGE 1 (TEST)(816x1056x1): test_snapshots/win32/firefox/artofwar/48.png
REFTEST   IMAGE 2 (REFERENCE)(816x1056x1): test_snapshots/win32/firefox/artofwar/48_ref.png
REFTEST TEST-UNEXPECTED-FAIL | firefox-artofwar-page49 | image comparison (==)
REFTEST   IMAGE 1 (TEST)(816x1056x1): test_snapshots/win32/firefox/artofwar/49.png
REFTEST   IMAGE 2 (REFERENCE)(816x1056x1): test_snapshots/win32/firefox/artofwar/49_ref.png
REFTEST TEST-UNEXPECTED-FAIL | firefox-artofwar-page50 | image comparison (==)
REFTEST   IMAGE 1 (TEST)(816x1056x1): test_snapshots/win32/firefox/artofwar/50.png
REFTEST   IMAGE 2 (REFERENCE)(816x1056x1): test_snapshots/win32/firefox/artofwar/50_ref.png
REFTEST TEST-UNEXPECTED-FAIL | firefox-artofwar-page51 | image comparison (==)
REFTEST   IMAGE 1 (TEST)(816x1056x1): test_snapshots/win32/firefox/artofwar/51.png
REFTEST   IMAGE 2 (REFERENCE)(816x1056x1): test_snapshots/win32/firefox/artofwar/51_ref.png
REFTEST TEST-UNEXPECTED-FAIL | firefox-artofwar-page52 | image comparison (==)
REFTEST   IMAGE 1 (TEST)(816x1056x1): test_snapshots/win32/firefox/artofwar/52.png
REFTEST   IMAGE 2 (REFERENCE)(816x1056x1): test_snapshots/win32/firefox/artofwar/52_ref.png
REFTEST TEST-UNEXPECTED-FAIL | firefox-artofwar-page53 | image comparison (==)
REFTEST   IMAGE 1 (TEST)(816x1056x1): test_snapshots/win32/firefox/artofwar/53.png
REFTEST   IMAGE 2 (REFERENCE)(816x1056x1): test_snapshots/win32/firefox/artofwar/53_ref.png
REFTEST TEST-UNEXPECTED-FAIL | firefox-artofwar-page54 | image comparison (==)
REFTEST   IMAGE 1 (TEST)(816x1056x1): test_snapshots/win32/firefox/artofwar/54.png
REFTEST   IMAGE 2 (REFERENCE)(816x1056x1): test_snapshots/win32/firefox/artofwar/54_ref.png
REFTEST TEST-UNEXPECTED-FAIL | firefox-artofwar-page55 | image comparison (==)
REFTEST   IMAGE 1 (TEST)(816x1056x1): test_snapshots/win32/firefox/artofwar/55.png
REFTEST   IMAGE 2 (REFERENCE)(816x1056x1): test_snapshots/win32/firefox/artofwar/55_ref.png
REFTEST TEST-UNEXPECTED-FAIL | firefox-artofwar-page56 | image comparison (==)
REFTEST   IMAGE 1 (TEST)(816x1056x1): test_snapshots/win32/firefox/artofwar/56.png
REFTEST   IMAGE 2 (REFERENCE)(816x1056x1): test_snapshots/win32/firefox/artofwar/56_ref.png
REFTEST TEST-UNEXPECTED-FAIL | firefox-artofwar-page57 | image comparison (==)
REFTEST   IMAGE 1 (TEST)(816x1056x1): test_snapshots/win32/firefox/artofwar/57.png
REFTEST   IMAGE 2 (REFERENCE)(816x1056x1): test_snapshots/win32/firefox/artofwar/57_ref.png
REFTEST TEST-UNEXPECTED-FAIL | firefox-artofwar-page58 | image comparison (==)
REFTEST   IMAGE 1 (TEST)(816x1056x1): test_snapshots/win32/firefox/artofwar/58.png
REFTEST   IMAGE 2 (REFERENCE)(816x1056x1): test_snapshots/win32/firefox/artofwar/58_ref.png
REFTEST TEST-UNEXPECTED-FAIL | firefox-artofwar-page59 | image comparison (==)
REFTEST   IMAGE 1 (TEST)(816x1056x1): test_snapshots/win32/firefox/artofwar/59.png
REFTEST   IMAGE 2 (REFERENCE)(816x1056x1): test_snapshots/win32/firefox/artofwar/59_ref.png
REFTEST TEST-UNEXPECTED-FAIL | firefox-artofwar-page60 | image comparison (==)
REFTEST   IMAGE 1 (TEST)(816x1056x1): test_snapshots/win32/firefox/artofwar/60.png
REFTEST   IMAGE 2 (REFERENCE)(816x1056x1): test_snapshots/win32/firefox/artofwar/60_ref.png
REFTEST TEST-UNEXPECTED-FAIL | firefox-artofwar-page61 | image comparison (==)
REFTEST   IMAGE 1 (TEST)(816x1056x1): test_snapshots/win32/firefox/artofwar/61.png
REFTEST   IMAGE 2 (REFERENCE)(816x1056x1): test_snapshots/win32/firefox/artofwar/61_ref.png
REFTEST TEST-UNEXPECTED-FAIL | firefox-artofwar-page62 | image comparison (==)
REFTEST   IMAGE 1 (TEST)(816x1056x1): test_snapshots/win32/firefox/artofwar/62.png
REFTEST   IMAGE 2 (REFERENCE)(816x1056x1): test_snapshots/win32/firefox/artofwar/62_ref.png
REFTEST TEST-UNEXPECTED-FAIL | firefox-artofwar-page63 | image comparison (==)
REFTEST   IMAGE 1 (TEST)(816x1056x1): test_snapshots/win32/firefox/artofwar/63.png
REFTEST   IMAGE 2 (REFERENCE)(816x1056x1): test_snapshots/win32/firefox/artofwar/63_ref.png
REFTEST TEST-UNEXPECTED-FAIL | firefox-artofwar-page64 | image comparison (==)
REFTEST   IMAGE 1 (TEST)(816x1056x1): test_snapshots/win32/firefox/artofwar/64.png
REFTEST   IMAGE 2 (REFERENCE)(816x1056x1): test_snapshots/win32/firefox/artofwar/64_ref.png
REFTEST TEST-UNEXPECTED-FAIL | firefox-artofwar-page65 | image comparison (==)
REFTEST   IMAGE 1 (TEST)(816x1056x1): test_snapshots/win32/firefox/artofwar/65.png
REFTEST   IMAGE 2 (REFERENCE)(816x1056x1): test_snapshots/win32/firefox/artofwar/65_ref.png
REFTEST TEST-UNEXPECTED-FAIL | firefox-artofwar-page66 | image comparison (==)
REFTEST   IMAGE 1 (TEST)(816x1056x1): test_snapshots/win32/firefox/artofwar/66.png
REFTEST   IMAGE 2 (REFERENCE)(816x1056x1): test_snapshots/win32/firefox/artofwar/66_ref.png
REFTEST TEST-UNEXPECTED-FAIL | firefox-artofwar-page67 | image comparison (==)
REFTEST   IMAGE 1 (TEST)(816x1056x1): test_snapshots/win32/firefox/artofwar/67.png
REFTEST   IMAGE 2 (REFERENCE)(816x1056x1): test_snapshots/win32/firefox/artofwar/67_ref.png
REFTEST TEST-UNEXPECTED-FAIL | firefox-artofwar-page68 | image comparison (==)
REFTEST   IMAGE 1 (TEST)(816x1056x1): test_snapshots/win32/firefox/artofwar/68.png
REFTEST   IMAGE 2 (REFERENCE)(816x1056x1): test_snapshots/win32/firefox/artofwar/68_ref.png
REFTEST TEST-UNEXPECTED-FAIL | firefox-artofwar-page69 | image comparison (==)
REFTEST   IMAGE 1 (TEST)(816x1056x1): test_snapshots/win32/firefox/artofwar/69.png
REFTEST   IMAGE 2 (REFERENCE)(816x1056x1): test_snapshots/win32/firefox/artofwar/69_ref.png
REFTEST TEST-UNEXPECTED-FAIL | firefox-artofwar-page70 | image comparison (==)
REFTEST   IMAGE 1 (TEST)(816x1056x1): test_snapshots/win32/firefox/artofwar/70.png
REFTEST   IMAGE 2 (REFERENCE)(816x1056x1): test_snapshots/win32/firefox/artofwar/70_ref.png
REFTEST TEST-UNEXPECTED-FAIL | firefox-artofwar-page71 | image comparison (==)
REFTEST   IMAGE 1 (TEST)(816x1056x1): test_snapshots/win32/firefox/artofwar/71.png
REFTEST   IMAGE 2 (REFERENCE)(816x1056x1): test_snapshots/win32/firefox/artofwar/71_ref.png
REFTEST TEST-UNEXPECTED-FAIL | firefox-artofwar-page72 | image comparison (==)
REFTEST   IMAGE 1 (TEST)(816x1056x1): test_snapshots/win32/firefox/artofwar/72.png
REFTEST   IMAGE 2 (REFERENCE)(816x1056x1): test_snapshots/win32/firefox/artofwar/72_ref.png
REFTEST TEST-UNEXPECTED-FAIL | firefox-artofwar-page73 | image comparison (==)
REFTEST   IMAGE 1 (TEST)(816x1056x1): test_snapshots/win32/firefox/artofwar/73.png
REFTEST   IMAGE 2 (REFERENCE)(816x1056x1): test_snapshots/win32/firefox/artofwar/73_ref.png
REFTEST TEST-UNEXPECTED-FAIL | firefox-artofwar-page74 | image comparison (==)
REFTEST   IMAGE 1 (TEST)(816x1056x1): test_snapshots/win32/firefox/artofwar/74.png
REFTEST   IMAGE 2 (REFERENCE)(816x1056x1): test_snapshots/win32/firefox/artofwar/74_ref.png
REFTEST TEST-UNEXPECTED-FAIL | firefox-artofwar-page75 | image comparison (==)
REFTEST   IMAGE 1 (TEST)(816x1056x1): test_snapshots/win32/firefox/artofwar/75.png
REFTEST   IMAGE 2 (REFERENCE)(816x1056x1): test_snapshots/win32/firefox/artofwar/75_ref.png
REFTEST TEST-UNEXPECTED-FAIL | firefox-artofwar-page76 | image comparison (==)
REFTEST   IMAGE 1 (TEST)(816x1056x1): test_snapshots/win32/firefox/artofwar/76.png
REFTEST   IMAGE 2 (REFERENCE)(816x1056x1): test_snapshots/win32/firefox/artofwar/76_ref.png
REFTEST TEST-UNEXPECTED-FAIL | firefox-artofwar-page77 | image comparison (==)
REFTEST   IMAGE 1 (TEST)(816x1056x1): test_snapshots/win32/firefox/artofwar/77.png
REFTEST   IMAGE 2 (REFERENCE)(816x1056x1): test_snapshots/win32/firefox/artofwar/77_ref.png
REFTEST TEST-UNEXPECTED-FAIL | firefox-artofwar-page78 | image comparison (==)
REFTEST   IMAGE 1 (TEST)(816x1056x1): test_snapshots/win32/firefox/artofwar/78.png
REFTEST   IMAGE 2 (REFERENCE)(816x1056x1): test_snapshots/win32/firefox/artofwar/78_ref.png
REFTEST TEST-UNEXPECTED-FAIL | firefox-artofwar-page79 | image comparison (==)
REFTEST   IMAGE 1 (TEST)(816x1056x1): test_snapshots/win32/firefox/artofwar/79.png
REFTEST   IMAGE 2 (REFERENCE)(816x1056x1): test_snapshots/win32/firefox/artofwar/79_ref.png
REFTEST TEST-UNEXPECTED-FAIL | firefox-artofwar-page80 | image comparison (==)
REFTEST   IMAGE 1 (TEST)(816x1056x1): test_snapshots/win32/firefox/artofwar/80.png
REFTEST   IMAGE 2 (REFERENCE)(816x1056x1): test_snapshots/win32/firefox/artofwar/80_ref.png
REFTEST TEST-UNEXPECTED-FAIL | firefox-artofwar-page81 | image comparison (==)
REFTEST   IMAGE 1 (TEST)(816x1056x1): test_snapshots/win32/firefox/artofwar/81.png
REFTEST   IMAGE 2 (REFERENCE)(816x1056x1): test_snapshots/win32/firefox/artofwar/81_ref.png
REFTEST TEST-UNEXPECTED-FAIL | firefox-artofwar-page82 | image comparison (==)
REFTEST   IMAGE 1 (TEST)(816x1056x1): test_snapshots/win32/firefox/artofwar/82.png
REFTEST   IMAGE 2 (REFERENCE)(816x1056x1): test_snapshots/win32/firefox/artofwar/82_ref.png
REFTEST TEST-UNEXPECTED-FAIL | firefox-artofwar-page83 | image comparison (==)
REFTEST   IMAGE 1 (TEST)(816x1056x1): test_snapshots/win32/firefox/artofwar/83.png
REFTEST   IMAGE 2 (REFERENCE)(816x1056x1): test_snapshots/win32/firefox/artofwar/83_ref.png
REFTEST TEST-UNEXPECTED-FAIL | firefox-artofwar-page84 | image comparison (==)
REFTEST   IMAGE 1 (TEST)(816x1056x1): test_snapshots/win32/firefox/artofwar/84.png
REFTEST   IMAGE 2 (REFERENCE)(816x1056x1): test_snapshots/win32/firefox/artofwar/84_ref.png
REFTEST TEST-UNEXPECTED-FAIL | firefox-artofwar-page85 | image comparison (==)
REFTEST   IMAGE 1 (TEST)(816x1056x1): test_snapshots/win32/firefox/artofwar/85.png
REFTEST   IMAGE 2 (REFERENCE)(816x1056x1): test_snapshots/win32/firefox/artofwar/85_ref.png
REFTEST TEST-UNEXPECTED-FAIL | firefox-artofwar-page86 | image comparison (==)
REFTEST   IMAGE 1 (TEST)(816x1056x1): test_snapshots/win32/firefox/artofwar/86.png
REFTEST   IMAGE 2 (REFERENCE)(816x1056x1): test_snapshots/win32/firefox/artofwar/86_ref.png
REFTEST TEST-UNEXPECTED-FAIL | firefox-artofwar-page87 | image comparison (==)
REFTEST   IMAGE 1 (TEST)(816x1056x1): test_snapshots/win32/firefox/artofwar/87.png
REFTEST   IMAGE 2 (REFERENCE)(816x1056x1): test_snapshots/win32/firefox/artofwar/87_ref.png
REFTEST TEST-UNEXPECTED-FAIL | firefox-artofwar-page88 | image comparison (==)
REFTEST   IMAGE 1 (TEST)(816x1056x1): test_snapshots/win32/firefox/artofwar/88.png
REFTEST   IMAGE 2 (REFERENCE)(816x1056x1): test_snapshots/win32/firefox/artofwar/88_ref.png
REFTEST TEST-UNEXPECTED-FAIL | firefox-artofwar-page89 | image comparison (==)
REFTEST   IMAGE 1 (TEST)(816x1056x1): test_snapshots/win32/firefox/artofwar/89.png
REFTEST   IMAGE 2 (REFERENCE)(816x1056x1): test_snapshots/win32/firefox/artofwar/89_ref.png
REFTEST TEST-UNEXPECTED-FAIL | firefox-artofwar-page90 | image comparison (==)
REFTEST   IMAGE 1 (TEST)(816x1056x1): test_snapshots/win32/firefox/artofwar/90.png
REFTEST   IMAGE 2 (REFERENCE)(816x1056x1): test_snapshots/win32/firefox/artofwar/90_ref.png
REFTEST TEST-UNEXPECTED-FAIL | firefox-artofwar-page91 | image comparison (==)
REFTEST   IMAGE 1 (TEST)(816x1056x1): test_snapshots/win32/firefox/artofwar/91.png
REFTEST   IMAGE 2 (REFERENCE)(816x1056x1): test_snapshots/win32/firefox/artofwar/91_ref.png
REFTEST TEST-UNEXPECTED-FAIL | firefox-artofwar-page92 | image comparison (==)
REFTEST   IMAGE 1 (TEST)(816x1056x1): test_snapshots/win32/firefox/artofwar/92.png
REFTEST   IMAGE 2 (REFERENCE)(816x1056x1): test_snapshots/win32/firefox/artofwar/92_ref.png
REFTEST TEST-UNEXPECTED-FAIL | firefox-artofwar-page93 | image comparison (==)
REFTEST   IMAGE 1 (TEST)(816x1056x1): test_snapshots/win32/firefox/artofwar/93.png
REFTEST   IMAGE 2 (REFERENCE)(816x1056x1): test_snapshots/win32/firefox/artofwar/93_ref.png
REFTEST TEST-UNEXPECTED-FAIL | firefox-artofwar-page94 | image comparison (==)
REFTEST   IMAGE 1 (TEST)(816x1056x1): test_snapshots/win32/firefox/artofwar/94.png
REFTEST   IMAGE 2 (REFERENCE)(816x1056x1): test_snapshots/win32/firefox/artofwar/94_ref.png
REFTEST TEST-UNEXPECTED-FAIL | firefox-artofwar-page95 | image comparison (==)
REFTEST   IMAGE 1 (TEST)(816x1056x1): test_snapshots/win32/firefox/artofwar/95.png
REFTEST   IMAGE 2 (REFERENCE)(816x1056x1): test_snapshots/win32/firefox/artofwar/95_ref.png
REFTEST TEST-UNEXPECTED-FAIL | firefox-artofwar-page96 | image comparison (==)
REFTEST   IMAGE 1 (TEST)(816x1056x1): test_snapshots/win32/firefox/artofwar/96.png
REFTEST   IMAGE 2 (REFERENCE)(816x1056x1): test_snapshots/win32/firefox/artofwar/96_ref.png
REFTEST TEST-UNEXPECTED-FAIL | firefox-artofwar-page97 | image comparison (==)
REFTEST   IMAGE 1 (TEST)(816x1056x1): test_snapshots/win32/firefox/artofwar/97.png
REFTEST   IMAGE 2 (REFERENCE)(816x1056x1): test_snapshots/win32/firefox/artofwar/97_ref.png
REFTEST TEST-UNEXPECTED-FAIL | firefox-artofwar-page98 | image comparison (==)
REFTEST   IMAGE 1 (TEST)(816x1056x1): test_snapshots/win32/firefox/artofwar/98.png
REFTEST   IMAGE 2 (REFERENCE)(816x1056x1): test_snapshots/win32/firefox/artofwar/98_ref.png
REFTEST TEST-UNEXPECTED-FAIL | firefox-artofwar-page99 | image comparison (==)
REFTEST   IMAGE 1 (TEST)(816x1056x1): test_snapshots/win32/firefox/artofwar/99.png
REFTEST   IMAGE 2 (REFERENCE)(816x1056x1): test_snapshots/win32/firefox/artofwar/99_ref.png
REFTEST TEST-UNEXPECTED-FAIL | firefox-artofwar-page100 | image comparison (==)
REFTEST   IMAGE 1 (TEST)(816x1056x1): test_snapshots/win32/firefox/artofwar/100.png
REFTEST   IMAGE 2 (REFERENCE)(816x1056x1): test_snapshots/win32/firefox/artofwar/100_ref.png
REFTEST TEST-UNEXPECTED-FAIL | firefox-artofwar-page101 | image comparison (==)
REFTEST   IMAGE 1 (TEST)(816x1056x1): test_snapshots/win32/firefox/artofwar/101.png
REFTEST   IMAGE 2 (REFERENCE)(816x1056x1): test_snapshots/win32/firefox/artofwar/101_ref.png
REFTEST TEST-UNEXPECTED-FAIL | firefox-artofwar-page102 | image comparison (==)
REFTEST   IMAGE 1 (TEST)(816x1056x1): test_snapshots/win32/firefox/artofwar/102.png
REFTEST   IMAGE 2 (REFERENCE)(816x1056x1): test_snapshots/win32/firefox/artofwar/102_ref.png
REFTEST TEST-UNEXPECTED-FAIL | firefox-artofwar-page103 | image comparison (==)
REFTEST   IMAGE 1 (TEST)(816x1056x1): test_snapshots/win32/firefox/artofwar/103.png
REFTEST   IMAGE 2 (REFERENCE)(816x1056x1): test_snapshots/win32/firefox/artofwar/103_ref.png
REFTEST TEST-UNEXPECTED-FAIL | firefox-artofwar-page104 | image comparison (==)
REFTEST   IMAGE 1 (TEST)(816x1056x1): test_snapshots/win32/firefox/artofwar/104.png
REFTEST   IMAGE 2 (REFERENCE)(816x1056x1): test_snapshots/win32/firefox/artofwar/104_ref.png
REFTEST TEST-UNEXPECTED-FAIL | firefox-artofwar-page105 | image comparison (==)
REFTEST   IMAGE 1 (TEST)(816x1056x1): test_snapshots/win32/firefox/artofwar/105.png
REFTEST   IMAGE 2 (REFERENCE)(816x1056x1): test_snapshots/win32/firefox/artofwar/105_ref.png
REFTEST TEST-UNEXPECTED-FAIL | firefox-artofwar-page106 | image comparison (==)
REFTEST   IMAGE 1 (TEST)(816x1056x1): test_snapshots/win32/firefox/artofwar/106.png
REFTEST   IMAGE 2 (REFERENCE)(816x1056x1): test_snapshots/win32/firefox/artofwar/106_ref.png
REFTEST TEST-UNEXPECTED-FAIL | firefox-artofwar-page107 | image comparison (==)
REFTEST   IMAGE 1 (TEST)(816x1056x1): test_snapshots/win32/firefox/artofwar/107.png
REFTEST   IMAGE 2 (REFERENCE)(816x1056x1): test_snapshots/win32/firefox/artofwar/107_ref.png
REFTEST TEST-UNEXPECTED-FAIL | firefox-artofwar-page108 | image comparison (==)
REFTEST   IMAGE 1 (TEST)(816x1056x1): test_snapshots/win32/firefox/artofwar/108.png
REFTEST   IMAGE 2 (REFERENCE)(816x1056x1): test_snapshots/win32/firefox/artofwar/108_ref.png
REFTEST TEST-UNEXPECTED-FAIL | firefox-artofwar-page109 | image comparison (==)
REFTEST   IMAGE 1 (TEST)(816x1056x1): test_snapshots/win32/firefox/artofwar/109.png
REFTEST   IMAGE 2 (REFERENCE)(816x1056x1): test_snapshots/win32/firefox/artofwar/109_ref.png
REFTEST TEST-UNEXPECTED-FAIL | firefox-artofwar-page110 | image comparison (==)
REFTEST   IMAGE 1 (TEST)(816x1056x1): test_snapshots/win32/firefox/artofwar/110.png
REFTEST   IMAGE 2 (REFERENCE)(816x1056x1): test_snapshots/win32/firefox/artofwar/110_ref.png
REFTEST TEST-UNEXPECTED-FAIL | firefox-artofwar-page111 | image comparison (==)
REFTEST   IMAGE 1 (TEST)(816x1056x1): test_snapshots/win32/firefox/artofwar/111.png
REFTEST   IMAGE 2 (REFERENCE)(816x1056x1): test_snapshots/win32/firefox/artofwar/111_ref.png
REFTEST TEST-UNEXPECTED-FAIL | firefox-artofwar-page112 | image comparison (==)
REFTEST   IMAGE 1 (TEST)(816x1056x1): test_snapshots/win32/firefox/artofwar/112.png
REFTEST   IMAGE 2 (REFERENCE)(816x1056x1): test_snapshots/win32/firefox/artofwar/112_ref.png
REFTEST TEST-UNEXPECTED-FAIL | firefox-artofwar-page113 | image comparison (==)
REFTEST   IMAGE 1 (TEST)(816x1056x1): test_snapshots/win32/firefox/artofwar/113.png
REFTEST   IMAGE 2 (REFERENCE)(816x1056x1): test_snapshots/win32/firefox/artofwar/113_ref.png
REFTEST TEST-UNEXPECTED-FAIL | firefox-artofwar-page114 | image comparison (==)
REFTEST   IMAGE 1 (TEST)(816x1056x1): test_snapshots/win32/firefox/artofwar/114.png
REFTEST   IMAGE 2 (REFERENCE)(816x1056x1): test_snapshots/win32/firefox/artofwar/114_ref.png
REFTEST TEST-UNEXPECTED-FAIL | firefox-artofwar-page115 | image comparison (==)
REFTEST   IMAGE 1 (TEST)(816x1056x1): test_snapshots/win32/firefox/artofwar/115.png
REFTEST   IMAGE 2 (REFERENCE)(816x1056x1): test_snapshots/win32/firefox/artofwar/115_ref.png
REFTEST TEST-UNEXPECTED-FAIL | firefox-artofwar-page116 | image comparison (==)
REFTEST   IMAGE 1 (TEST)(816x1056x1): test_snapshots/win32/firefox/artofwar/116.png
REFTEST   IMAGE 2 (REFERENCE)(816x1056x1): test_snapshots/win32/firefox/artofwar/116_ref.png
REFTEST TEST-UNEXPECTED-FAIL | firefox-artofwar-page117 | image comparison (==)
REFTEST   IMAGE 1 (TEST)(816x1056x1): test_snapshots/win32/firefox/artofwar/117.png
REFTEST   IMAGE 2 (REFERENCE)(816x1056x1): test_snapshots/win32/firefox/artofwar/117_ref.png
REFTEST TEST-UNEXPECTED-FAIL | firefox-artofwar-page118 | image comparison (==)
REFTEST   IMAGE 1 (TEST)(816x1056x1): test_snapshots/win32/firefox/artofwar/118.png
REFTEST   IMAGE 2 (REFERENCE)(816x1056x1): test_snapshots/win32/firefox/artofwar/118_ref.png
REFTEST TEST-UNEXPECTED-FAIL | firefox-artofwar-page119 | image comparison (==)
REFTEST   IMAGE 1 (TEST)(816x1056x1): test_snapshots/win32/firefox/artofwar/119.png
REFTEST   IMAGE 2 (REFERENCE)(816x1056x1): test_snapshots/win32/firefox/artofwar/119_ref.png
REFTEST TEST-UNEXPECTED-FAIL | firefox-artofwar-page120 | image comparison (==)
REFTEST   IMAGE 1 (TEST)(816x1056x1): test_snapshots/win32/firefox/artofwar/120.png
REFTEST   IMAGE 2 (REFERENCE)(816x1056x1): test_snapshots/win32/firefox/artofwar/120_ref.png
REFTEST TEST-UNEXPECTED-FAIL | firefox-artofwar-page121 | image comparison (==)
REFTEST   IMAGE 1 (TEST)(816x1056x1): test_snapshots/win32/firefox/artofwar/121.png
REFTEST   IMAGE 2 (REFERENCE)(816x1056x1): test_snapshots/win32/firefox/artofwar/121_ref.png
REFTEST TEST-UNEXPECTED-FAIL | firefox-artofwar-page122 | image comparison (==)
REFTEST   IMAGE 1 (TEST)(816x1056x1): test_snapshots/win32/firefox/artofwar/122.png
REFTEST   IMAGE 2 (REFERENCE)(816x1056x1): test_snapshots/win32/firefox/artofwar/122_ref.png
REFTEST TEST-UNEXPECTED-FAIL | firefox-artofwar-page123 | image comparison (==)
REFTEST   IMAGE 1 (TEST)(816x1056x1): test_snapshots/win32/firefox/artofwar/123.png
REFTEST   IMAGE 2 (REFERENCE)(816x1056x1): test_snapshots/win32/firefox/artofwar/123_ref.png
REFTEST TEST-UNEXPECTED-FAIL | firefox-artofwar-page124 | image comparison (==)
REFTEST   IMAGE 1 (TEST)(816x1056x1): test_snapshots/win32/firefox/artofwar/124.png
REFTEST   IMAGE 2 (REFERENCE)(816x1056x1): test_snapshots/win32/firefox/artofwar/124_ref.png
REFTEST TEST-UNEXPECTED-FAIL | firefox-artofwar-page125 | image comparison (==)
REFTEST   IMAGE 1 (TEST)(816x1056x1): test_snapshots/win32/firefox/artofwar/125.png
REFTEST   IMAGE 2 (REFERENCE)(816x1056x1): test_snapshots/win32/firefox/artofwar/125_ref.png
REFTEST TEST-UNEXPECTED-FAIL | firefox-artofwar-page126 | image comparison (==)
REFTEST   IMAGE 1 (TEST)(816x1056x1): test_snapshots/win32/firefox/artofwar/126.png
REFTEST   IMAGE 2 (REFERENCE)(816x1056x1): test_snapshots/win32/firefox/artofwar/126_ref.png
REFTEST TEST-UNEXPECTED-FAIL | firefox-artofwar-page127 | image comparison (==)
REFTEST   IMAGE 1 (TEST)(816x1056x1): test_snapshots/win32/firefox/artofwar/127.png
REFTEST   IMAGE 2 (REFERENCE)(816x1056x1): test_snapshots/win32/firefox/artofwar/127_ref.png
REFTEST TEST-UNEXPECTED-FAIL | firefox-artofwar-page128 | image comparison (==)
REFTEST   IMAGE 1 (TEST)(816x1056x1): test_snapshots/win32/firefox/artofwar/128.png
REFTEST   IMAGE 2 (REFERENCE)(816x1056x1): test_snapshots/win32/firefox/artofwar/128_ref.png
REFTEST TEST-UNEXPECTED-FAIL | firefox-artofwar-page129 | image comparison (==)
REFTEST   IMAGE 1 (TEST)(816x1056x1): test_snapshots/win32/firefox/artofwar/129.png
REFTEST   IMAGE 2 (REFERENCE)(816x1056x1): test_snapshots/win32/firefox/artofwar/129_ref.png
REFTEST TEST-UNEXPECTED-FAIL | firefox-artofwar-page130 | image comparison (==)
REFTEST   IMAGE 1 (TEST)(816x1056x1): test_snapshots/win32/firefox/artofwar/130.png
REFTEST   IMAGE 2 (REFERENCE)(816x1056x1): test_snapshots/win32/firefox/artofwar/130_ref.png
REFTEST TEST-UNEXPECTED-FAIL | firefox-artofwar-page131 | image comparison (==)
REFTEST   IMAGE 1 (TEST)(816x1056x1): test_snapshots/win32/firefox/artofwar/131.png
REFTEST   IMAGE 2 (REFERENCE)(816x1056x1): test_snapshots/win32/firefox/artofwar/131_ref.png
REFTEST TEST-UNEXPECTED-FAIL | firefox-artofwar-page132 | image comparison (==)
REFTEST   IMAGE 1 (TEST)(816x1056x1): test_snapshots/win32/firefox/artofwar/132.png
REFTEST   IMAGE 2 (REFERENCE)(816x1056x1): test_snapshots/win32/firefox/artofwar/132_ref.png
REFTEST TEST-UNEXPECTED-FAIL | firefox-artofwar-page133 | image comparison (==)
REFTEST   IMAGE 1 (TEST)(816x1056x1): test_snapshots/win32/firefox/artofwar/133.png
REFTEST   IMAGE 2 (REFERENCE)(816x1056x1): test_snapshots/win32/firefox/artofwar/133_ref.png
REFTEST TEST-UNEXPECTED-FAIL | firefox-artofwar-page134 | image comparison (==)
REFTEST   IMAGE 1 (TEST)(816x1056x1): test_snapshots/win32/firefox/artofwar/134.png
REFTEST   IMAGE 2 (REFERENCE)(816x1056x1): test_snapshots/win32/firefox/artofwar/134_ref.png
REFTEST TEST-UNEXPECTED-FAIL | firefox-artofwar-page135 | image comparison (==)
REFTEST   IMAGE 1 (TEST)(816x1056x1): test_snapshots/win32/firefox/artofwar/135.png
REFTEST   IMAGE 2 (REFERENCE)(816x1056x1): test_snapshots/win32/firefox/artofwar/135_ref.png
REFTEST TEST-UNEXPECTED-FAIL | firefox-artofwar-page136 | image comparison (==)
REFTEST   IMAGE 1 (TEST)(816x1056x1): test_snapshots/win32/firefox/artofwar/136.png
REFTEST   IMAGE 2 (REFERENCE)(816x1056x1): test_snapshots/win32/firefox/artofwar/136_ref.png
REFTEST TEST-UNEXPECTED-FAIL | firefox-artofwar-page137 | image comparison (==)
REFTEST   IMAGE 1 (TEST)(816x1056x1): test_snapshots/win32/firefox/artofwar/137.png
REFTEST   IMAGE 2 (REFERENCE)(816x1056x1): test_snapshots/win32/firefox/artofwar/137_ref.png
REFTEST TEST-UNEXPECTED-FAIL | firefox-artofwar-page138 | image comparison (==)
REFTEST   IMAGE 1 (TEST)(816x1056x1): test_snapshots/win32/firefox/artofwar/138.png
REFTEST   IMAGE 2 (REFERENCE)(816x1056x1): test_snapshots/win32/firefox/artofwar/138_ref.png
REFTEST TEST-UNEXPECTED-FAIL | firefox-artofwar-page139 | image comparison (==)
REFTEST   IMAGE 1 (TEST)(816x1056x1): test_snapshots/win32/firefox/artofwar/139.png
REFTEST   IMAGE 2 (REFERENCE)(816x1056x1): test_snapshots/win32/firefox/artofwar/139_ref.png
REFTEST TEST-UNEXPECTED-FAIL | firefox-artofwar-page140 | image comparison (==)
REFTEST   IMAGE 1 (TEST)(816x1056x1): test_snapshots/win32/firefox/artofwar/140.png
REFTEST   IMAGE 2 (REFERENCE)(816x1056x1): test_snapshots/win32/firefox/artofwar/140_ref.png
REFTEST TEST-UNEXPECTED-FAIL | firefox-artofwar-page141 | image comparison (==)
REFTEST   IMAGE 1 (TEST)(816x1056x1): test_snapshots/win32/firefox/artofwar/141.png
REFTEST   IMAGE 2 (REFERENCE)(816x1056x1): test_snapshots/win32/firefox/artofwar/141_ref.png
REFTEST TEST-UNEXPECTED-FAIL | firefox-artofwar-page142 | image comparison (==)
REFTEST   IMAGE 1 (TEST)(816x1056x1): test_snapshots/win32/firefox/artofwar/142.png
REFTEST   IMAGE 2 (REFERENCE)(816x1056x1): test_snapshots/win32/firefox/artofwar/142_ref.png
REFTEST TEST-UNEXPECTED-FAIL | firefox-artofwar-page143 | image comparison (==)
REFTEST   IMAGE 1 (TEST)(816x1056x1): test_snapshots/win32/firefox/artofwar/143.png
REFTEST   IMAGE 2 (REFERENCE)(816x1056x1): test_snapshots/win32/firefox/artofwar/143_ref.png
REFTEST TEST-UNEXPECTED-FAIL | firefox-artofwar-page144 | image comparison (==)
REFTEST   IMAGE 1 (TEST)(816x1056x1): test_snapshots/win32/firefox/artofwar/144.png
REFTEST   IMAGE 2 (REFERENCE)(816x1056x1): test_snapshots/win32/firefox/artofwar/144_ref.png
REFTEST TEST-UNEXPECTED-FAIL | firefox-artofwar-page145 | image comparison (==)
REFTEST   IMAGE 1 (TEST)(816x1056x1): test_snapshots/win32/firefox/artofwar/145.png
REFTEST   IMAGE 2 (REFERENCE)(816x1056x1): test_snapshots/win32/firefox/artofwar/145_ref.png
REFTEST TEST-UNEXPECTED-FAIL | firefox-artofwar-page146 | image comparison (==)
REFTEST   IMAGE 1 (TEST)(816x1056x1): test_snapshots/win32/firefox/artofwar/146.png
REFTEST   IMAGE 2 (REFERENCE)(816x1056x1): test_snapshots/win32/firefox/artofwar/146_ref.png
REFTEST TEST-UNEXPECTED-FAIL | firefox-artofwar-page147 | image comparison (==)
REFTEST   IMAGE 1 (TEST)(816x1056x1): test_snapshots/win32/firefox/artofwar/147.png
REFTEST   IMAGE 2 (REFERENCE)(816x1056x1): test_snapshots/win32/firefox/artofwar/147_ref.png
REFTEST TEST-UNEXPECTED-FAIL | firefox-artofwar-page148 | image comparison (==)
REFTEST   IMAGE 1 (TEST)(816x1056x1): test_snapshots/win32/firefox/artofwar/148.png
REFTEST   IMAGE 2 (REFERENCE)(816x1056x1): test_snapshots/win32/firefox/artofwar/148_ref.png
REFTEST TEST-UNEXPECTED-FAIL | firefox-artofwar-page149 | image comparison (==)
REFTEST   IMAGE 1 (TEST)(816x1056x1): test_snapshots/win32/firefox/artofwar/149.png
REFTEST   IMAGE 2 (REFERENCE)(816x1056x1): test_snapshots/win32/firefox/artofwar/149_ref.png
REFTEST TEST-UNEXPECTED-FAIL | firefox-artofwar-page150 | image comparison (==)
REFTEST   IMAGE 1 (TEST)(816x1056x1): test_snapshots/win32/firefox/artofwar/150.png
REFTEST   IMAGE 2 (REFERENCE)(816x1056x1): test_snapshots/win32/firefox/artofwar/150_ref.png
REFTEST TEST-UNEXPECTED-FAIL | firefox-artofwar-page151 | image comparison (==)
REFTEST   IMAGE 1 (TEST)(816x1056x1): test_snapshots/win32/firefox/artofwar/151.png
REFTEST   IMAGE 2 (REFERENCE)(816x1056x1): test_snapshots/win32/firefox/artofwar/151_ref.png
REFTEST TEST-UNEXPECTED-FAIL | firefox-artofwar-page152 | image comparison (==)
REFTEST   IMAGE 1 (TEST)(816x1056x1): test_snapshots/win32/firefox/artofwar/152.png
REFTEST   IMAGE 2 (REFERENCE)(816x1056x1): test_snapshots/win32/firefox/artofwar/152_ref.png
REFTEST TEST-UNEXPECTED-FAIL | firefox-artofwar-page153 | image comparison (==)
REFTEST   IMAGE 1 (TEST)(816x1056x1): test_snapshots/win32/firefox/artofwar/153.png
REFTEST   IMAGE 2 (REFERENCE)(816x1056x1): test_snapshots/win32/firefox/artofwar/153_ref.png
REFTEST TEST-UNEXPECTED-FAIL | firefox-artofwar-page154 | image comparison (==)
REFTEST   IMAGE 1 (TEST)(816x1056x1): test_snapshots/win32/firefox/artofwar/154.png
REFTEST   IMAGE 2 (REFERENCE)(816x1056x1): test_snapshots/win32/firefox/artofwar/154_ref.png
REFTEST TEST-UNEXPECTED-FAIL | firefox-artofwar-page155 | image comparison (==)
REFTEST   IMAGE 1 (TEST)(816x1056x1): test_snapshots/win32/firefox/artofwar/155.png
REFTEST   IMAGE 2 (REFERENCE)(816x1056x1): test_snapshots/win32/firefox/artofwar/155_ref.png
REFTEST TEST-UNEXPECTED-FAIL | firefox-artofwar-page156 | image comparison (==)
REFTEST   IMAGE 1 (TEST)(816x1056x1): test_snapshots/win32/firefox/artofwar/156.png
REFTEST   IMAGE 2 (REFERENCE)(816x1056x1): test_snapshots/win32/firefox/artofwar/156_ref.png
REFTEST TEST-UNEXPECTED-FAIL | firefox-artofwar-page157 | image comparison (==)
REFTEST   IMAGE 1 (TEST)(816x1056x1): test_snapshots/win32/firefox/artofwar/157.png
REFTEST   IMAGE 2 (REFERENCE)(816x1056x1): test_snapshots/win32/firefox/artofwar/157_ref.png
REFTEST TEST-UNEXPECTED-FAIL | firefox-artofwar-page158 | image comparison (==)
REFTEST   IMAGE 1 (TEST)(816x1056x1): test_snapshots/win32/firefox/artofwar/158.png
REFTEST   IMAGE 2 (REFERENCE)(816x1056x1): test_snapshots/win32/firefox/artofwar/158_ref.png
REFTEST TEST-UNEXPECTED-FAIL | firefox-artofwar-page159 | image comparison (==)
REFTEST   IMAGE 1 (TEST)(816x1056x1): test_snapshots/win32/firefox/artofwar/159.png
REFTEST   IMAGE 2 (REFERENCE)(816x1056x1): test_snapshots/win32/firefox/artofwar/159_ref.png
REFTEST TEST-UNEXPECTED-FAIL | firefox-artofwar-page160 | image comparison (==)
REFTEST   IMAGE 1 (TEST)(816x1056x1): test_snapshots/win32/firefox/artofwar/160.png
REFTEST   IMAGE 2 (REFERENCE)(816x1056x1): test_snapshots/win32/firefox/artofwar/160_ref.png
REFTEST TEST-UNEXPECTED-FAIL | firefox-issue8092-page1 | image comparison (==)
REFTEST   IMAGE 1 (TEST)(793x1122x1): test_snapshots/win32/firefox/issue8092/1.png
REFTEST   IMAGE 2 (REFERENCE)(793x1122x1): test_snapshots/win32/firefox/issue8092/1_ref.png
REFTEST TEST-UNEXPECTED-FAIL | firefox-xfa_bug1739502-page6 | image comparison (==)
REFTEST   IMAGE 1 (TEST)(793x1121x1): test_snapshots/win32/firefox/xfa_bug1739502/6.png
REFTEST   IMAGE 2 (REFERENCE)(793x1121x1): test_snapshots/win32/firefox/xfa_bug1739502/6_ref.png
REFTEST TEST-UNEXPECTED-FAIL | firefox-xfa_bug1739502-page7 | image comparison (==)
REFTEST   IMAGE 1 (TEST)(793x1121x1): test_snapshots/win32/firefox/xfa_bug1739502/7.png
REFTEST   IMAGE 2 (REFERENCE)(793x1121x1): test_snapshots/win32/firefox/xfa_bug1739502/7_ref.png
REFTEST TEST-UNEXPECTED-FAIL | firefox-xfa_bug1739502-page9 | image comparison (==)
REFTEST   IMAGE 1 (TEST)(793x1121x1): test_snapshots/win32/firefox/xfa_bug1739502/9.png
REFTEST   IMAGE 2 (REFERENCE)(793x1121x1): test_snapshots/win32/firefox/xfa_bug1739502/9_ref.png
REFTEST TEST-UNEXPECTED-FAIL | firefox-issue13823-page1 | image comparison (==)
REFTEST   IMAGE 1 (TEST)(793x1122x1): test_snapshots/win32/firefox/issue13823/1.png
REFTEST   IMAGE 2 (REFERENCE)(793x1122x1): test_snapshots/win32/firefox/issue13823/1_ref.png
REFTEST TEST-UNEXPECTED-FAIL | firefox-xfa_dhl_shipment-page1 | image comparison (==)
REFTEST   IMAGE 1 (TEST)(1141x921x1): test_snapshots/win32/firefox/xfa_dhl_shipment/1.png
REFTEST   IMAGE 2 (REFERENCE)(1141x921x1): test_snapshots/win32/firefox/xfa_dhl_shipment/1_ref.png
REFTEST TEST-UNEXPECTED-FAIL | firefox-xfa_dhl_shipment-page2 | image comparison (==)
REFTEST   IMAGE 1 (TEST)(793x1152x1): test_snapshots/win32/firefox/xfa_dhl_shipment/2.png
REFTEST   IMAGE 2 (REFERENCE)(793x1152x1): test_snapshots/win32/firefox/xfa_dhl_shipment/2_ref.png
REFTEST TEST-UNEXPECTED-FAIL | firefox-xfa_dhl_shipment-page3 | image comparison (==)
REFTEST   IMAGE 1 (TEST)(1121x793x1): test_snapshots/win32/firefox/xfa_dhl_shipment/3.png
REFTEST   IMAGE 2 (REFERENCE)(1121x793x1): test_snapshots/win32/firefox/xfa_dhl_shipment/3_ref.png
REFTEST TEST-UNEXPECTED-FAIL | firefox-xfa_dhl_shipment-page5 | image comparison (==)
REFTEST   IMAGE 1 (TEST)(1121x793x1): test_snapshots/win32/firefox/xfa_dhl_shipment/5.png
REFTEST   IMAGE 2 (REFERENCE)(1121x793x1): test_snapshots/win32/firefox/xfa_dhl_shipment/5_ref.png
REFTEST TEST-UNEXPECTED-FAIL | firefox-issue10542-page1 | image comparison (==)
REFTEST   IMAGE 1 (TEST)(466x133x1): test_snapshots/win32/firefox/issue10542/1.png
REFTEST   IMAGE 2 (REFERENCE)(466x133x1): test_snapshots/win32/firefox/issue10542/1_ref.png
REFTEST TEST-UNEXPECTED-FAIL | firefox-issue12295-page1 | image comparison (==)
REFTEST   IMAGE 1 (TEST)(816x1056x1): test_snapshots/win32/firefox/issue12295/1.png
REFTEST   IMAGE 2 (REFERENCE)(816x1056x1): test_snapshots/win32/firefox/issue12295/1_ref.png
REFTEST TEST-UNEXPECTED-FAIL | firefox-issue13610-page1 | image comparison (==)
REFTEST   IMAGE 1 (TEST)(793x1122x1): test_snapshots/win32/firefox/issue13610/1.png
REFTEST   IMAGE 2 (REFERENCE)(793x1122x1): test_snapshots/win32/firefox/issue13610/1_ref.png
REFTEST TEST-UNEXPECTED-FAIL | firefox-issue9552-page1 | image comparison (==)
REFTEST   IMAGE 1 (TEST)(816x1056x1): test_snapshots/win32/firefox/issue9552/1.png
REFTEST   IMAGE 2 (REFERENCE)(816x1056x1): test_snapshots/win32/firefox/issue9552/1_ref.png
REFTEST TEST-UNEXPECTED-FAIL | firefox-issue18059-page1 | image comparison (==)
REFTEST   IMAGE 1 (TEST)(793x1122x1): test_snapshots/win32/firefox/issue18059/1.png
REFTEST   IMAGE 2 (REFERENCE)(793x1122x1): test_snapshots/win32/firefox/issue18059/1_ref.png
REFTEST TEST-UNEXPECTED-FAIL | firefox-issue18801-page1 | image comparison (==)
REFTEST   IMAGE 1 (TEST)(816x1056x1): test_snapshots/win32/firefox/issue18801/1.png
REFTEST   IMAGE 2 (REFERENCE)(816x1056x1): test_snapshots/win32/firefox/issue18801/1_ref.png
REFTEST TEST-UNEXPECTED-FAIL | firefox-issue2098-page1 | image comparison (==)
REFTEST   IMAGE 1 (TEST)(816x1054x1): test_snapshots/win32/firefox/issue2098/1.png
REFTEST   IMAGE 2 (REFERENCE)(816x1054x1): test_snapshots/win32/firefox/issue2098/1_ref.png
REFTEST TEST-UNEXPECTED-FAIL | firefox-issue11385-page1 | image comparison (==)
REFTEST   IMAGE 1 (TEST)(793x1122x1): test_snapshots/win32/firefox/issue11385/1.png
REFTEST   IMAGE 2 (REFERENCE)(793x1122x1): test_snapshots/win32/firefox/issue11385/1_ref.png
REFTEST TEST-UNEXPECTED-FAIL | firefox-issue9243-page1 | image comparison (==)
REFTEST   IMAGE 1 (TEST)(576x192x1): test_snapshots/win32/firefox/issue9243/1.png
REFTEST   IMAGE 2 (REFERENCE)(576x192x1): test_snapshots/win32/firefox/issue9243/1_ref.png
REFTEST TEST-UNEXPECTED-FAIL | firefox-standard_fonts_system_fonts-page1 | image comparison (==)
REFTEST   IMAGE 1 (TEST)(793x1122x1): test_snapshots/win32/firefox/standard_fonts_system_fonts/1.png
REFTEST   IMAGE 2 (REFERENCE)(793x1122x1): test_snapshots/win32/firefox/standard_fonts_system_fonts/1_ref.png
REFTEST TEST-UNEXPECTED-FAIL | firefox-standard_fonts_system_fonts-page2 | image comparison (==)
REFTEST   IMAGE 1 (TEST)(793x1122x1): test_snapshots/win32/firefox/standard_fonts_system_fonts/2.png
REFTEST   IMAGE 2 (REFERENCE)(793x1122x1): test_snapshots/win32/firefox/standard_fonts_system_fonts/2_ref.png
REFTEST TEST-UNEXPECTED-FAIL | firefox-standard_fonts_system_fonts-page3 | image comparison (==)
REFTEST   IMAGE 1 (TEST)(793x1122x1): test_snapshots/win32/firefox/standard_fonts_system_fonts/3.png
REFTEST   IMAGE 2 (REFERENCE)(793x1122x1): test_snapshots/win32/firefox/standard_fonts_system_fonts/3_ref.png
REFTEST TEST-UNEXPECTED-FAIL | firefox-standard_fonts_system_fonts-page4 | image comparison (==)
REFTEST   IMAGE 1 (TEST)(793x1122x1): test_snapshots/win32/firefox/standard_fonts_system_fonts/4.png
REFTEST   IMAGE 2 (REFERENCE)(793x1122x1): test_snapshots/win32/firefox/standard_fonts_system_fonts/4_ref.png
REFTEST TEST-UNEXPECTED-FAIL | firefox-standard_fonts_system_fonts-page5 | image comparison (==)
REFTEST   IMAGE 1 (TEST)(793x1122x1): test_snapshots/win32/firefox/standard_fonts_system_fonts/5.png
REFTEST   IMAGE 2 (REFERENCE)(793x1122x1): test_snapshots/win32/firefox/standard_fonts_system_fonts/5_ref.png
REFTEST TEST-UNEXPECTED-FAIL | firefox-standard_fonts_system_fonts-page6 | image comparison (==)
REFTEST   IMAGE 1 (TEST)(793x1122x1): test_snapshots/win32/firefox/standard_fonts_system_fonts/6.png
REFTEST   IMAGE 2 (REFERENCE)(793x1122x1): test_snapshots/win32/firefox/standard_fonts_system_fonts/6_ref.png
REFTEST TEST-UNEXPECTED-FAIL | firefox-standard_fonts_system_fonts-page7 | image comparison (==)
REFTEST   IMAGE 1 (TEST)(793x1122x1): test_snapshots/win32/firefox/standard_fonts_system_fonts/7.png
REFTEST   IMAGE 2 (REFERENCE)(793x1122x1): test_snapshots/win32/firefox/standard_fonts_system_fonts/7_ref.png
REFTEST TEST-UNEXPECTED-FAIL | firefox-standard_fonts_system_fonts-page8 | image comparison (==)
REFTEST   IMAGE 1 (TEST)(793x1122x1): test_snapshots/win32/firefox/standard_fonts_system_fonts/8.png
REFTEST   IMAGE 2 (REFERENCE)(793x1122x1): test_snapshots/win32/firefox/standard_fonts_system_fonts/8_ref.png
REFTEST TEST-UNEXPECTED-FAIL | firefox-standard_fonts_system_fonts-page10 | image comparison (==)
REFTEST   IMAGE 1 (TEST)(793x1122x1): test_snapshots/win32/firefox/standard_fonts_system_fonts/10.png
REFTEST   IMAGE 2 (REFERENCE)(793x1122x1): test_snapshots/win32/firefox/standard_fonts_system_fonts/10_ref.png
REFTEST TEST-UNEXPECTED-FAIL | firefox-standard_fonts_system_fonts-page11 | image comparison (==)
REFTEST   IMAGE 1 (TEST)(793x1122x1): test_snapshots/win32/firefox/standard_fonts_system_fonts/11.png
REFTEST   IMAGE 2 (REFERENCE)(793x1122x1): test_snapshots/win32/firefox/standard_fonts_system_fonts/11_ref.png
REFTEST TEST-UNEXPECTED-FAIL | firefox-standard_fonts_system_fonts-page12 | image comparison (==)
REFTEST   IMAGE 1 (TEST)(793x1122x1): test_snapshots/win32/firefox/standard_fonts_system_fonts/12.png
REFTEST   IMAGE 2 (REFERENCE)(793x1122x1): test_snapshots/win32/firefox/standard_fonts_system_fonts/12_ref.png
REFTEST TEST-UNEXPECTED-FAIL | firefox-issue2840-page1 | image comparison (==)
REFTEST   IMAGE 1 (TEST)(266x66x1): test_snapshots/win32/firefox/issue2840/1.png
REFTEST   IMAGE 2 (REFERENCE)(266x66x1): test_snapshots/win32/firefox/issue2840/1_ref.png
REFTEST TEST-UNEXPECTED-FAIL | firefox-issue1096-page1 | image comparison (==)
REFTEST   IMAGE 1 (TEST)(853x640x1): test_snapshots/win32/firefox/issue1096/1.png
REFTEST   IMAGE 2 (REFERENCE)(853x640x1): test_snapshots/win32/firefox/issue1096/1_ref.png
REFTEST TEST-UNEXPECTED-FAIL | firefox-pr4897-page1 | image comparison (==)
REFTEST   IMAGE 1 (TEST)(793x1122x1): test_snapshots/win32/firefox/pr4897/1.png
REFTEST   IMAGE 2 (REFERENCE)(793x1122x1): test_snapshots/win32/firefox/pr4897/1_ref.png
REFTEST TEST-UNEXPECTED-FAIL | firefox-bug1652224-page5 | image comparison (==)
REFTEST   IMAGE 1 (TEST)(794x1123x1): test_snapshots/win32/firefox/bug1652224/5.png
REFTEST   IMAGE 2 (REFERENCE)(794x1123x1): test_snapshots/win32/firefox/bug1652224/5_ref.png
REFTEST TEST-UNEXPECTED-FAIL | firefox-ZapfDingbats-page1 | image comparison (==)
REFTEST   IMAGE 1 (TEST)(768x1056x1): test_snapshots/win32/firefox/ZapfDingbats/1.png
REFTEST   IMAGE 2 (REFERENCE)(768x1056x1): test_snapshots/win32/firefox/ZapfDingbats/1_ref.png
REFTEST TEST-UNEXPECTED-FAIL | firefox-ZapfDingbats-page2 | image comparison (==)
REFTEST   IMAGE 1 (TEST)(768x1056x1): test_snapshots/win32/firefox/ZapfDingbats/2.png
REFTEST   IMAGE 2 (REFERENCE)(768x1056x1): test_snapshots/win32/firefox/ZapfDingbats/2_ref.png
REFTEST TEST-UNEXPECTED-FAIL | firefox-issue11242-page1 | image comparison (==)
REFTEST   IMAGE 1 (TEST)(266x66x1): test_snapshots/win32/firefox/issue11242/1.png
REFTEST   IMAGE 2 (REFERENCE)(266x66x1): test_snapshots/win32/firefox/issue11242/1_ref.png
REFTEST TEST-UNEXPECTED-FAIL | firefox-issue4722-page1 | image comparison (==)
REFTEST   IMAGE 1 (TEST)(266x66x1): test_snapshots/win32/firefox/issue4722/1.png
REFTEST   IMAGE 2 (REFERENCE)(266x66x1): test_snapshots/win32/firefox/issue4722/1_ref.png
REFTEST TEST-UNEXPECTED-FAIL | firefox-issue5801-page1 | image comparison (==)
REFTEST   IMAGE 1 (TEST)(680x280x1): test_snapshots/win32/firefox/issue5801/1.png
REFTEST   IMAGE 2 (REFERENCE)(680x280x1): test_snapshots/win32/firefox/issue5801/1_ref.png
REFTEST TEST-UNEXPECTED-FAIL | firefox-issue1658-page10 | image comparison (==)
REFTEST   IMAGE 1 (TEST)(624x912x1): test_snapshots/win32/firefox/issue1658/10.png
REFTEST   IMAGE 2 (REFERENCE)(624x912x1): test_snapshots/win32/firefox/issue1658/10_ref.png
REFTEST TEST-UNEXPECTED-FAIL | firefox-pr7352-page1 | image comparison (==)
REFTEST   IMAGE 1 (TEST)(600x333x1): test_snapshots/win32/firefox/pr7352/1.png
REFTEST   IMAGE 2 (REFERENCE)(600x333x1): test_snapshots/win32/firefox/pr7352/1_ref.png
REFTEST TEST-UNEXPECTED-FAIL | firefox-issue11330-page1 | image comparison (==)
REFTEST   IMAGE 1 (TEST)(816x1056x1): test_snapshots/win32/firefox/issue11330/1.png
REFTEST   IMAGE 2 (REFERENCE)(816x1056x1): test_snapshots/win32/firefox/issue11330/1_ref.png
REFTEST TEST-UNEXPECTED-FAIL | firefox-bug1898802-page1 | image comparison (==)
REFTEST   IMAGE 1 (TEST)(1588x1122x1): test_snapshots/win32/firefox/bug1898802/1.png
REFTEST   IMAGE 2 (REFERENCE)(1588x1122x1): test_snapshots/win32/firefox/bug1898802/1_ref.png
REFTEST TEST-UNEXPECTED-FAIL | firefox-issue4684-text-page1 | image comparison (==)
REFTEST   IMAGE 1 (TEST)(533x66x1): test_snapshots/win32/firefox/issue4684-text/1.png
REFTEST   IMAGE 2 (REFERENCE)(533x66x1): test_snapshots/win32/firefox/issue4684-text/1_ref.png
REFTEST TEST-UNEXPECTED-FAIL | firefox-annotation-tx2-forms-page1 | image comparison (==)
REFTEST   IMAGE 1 (TEST)(816x1056x1): test_snapshots/win32/firefox/annotation-tx2-forms/1.png
REFTEST   IMAGE 2 (REFERENCE)(816x1056x1): test_snapshots/win32/firefox/annotation-tx2-forms/1_ref.png
REFTEST TEST-UNEXPECTED-FAIL | firefox-issue15033-page1 | image comparison (==)
REFTEST   IMAGE 1 (TEST)(793x1122x1): test_snapshots/win32/firefox/issue15033/1.png
REFTEST   IMAGE 2 (REFERENCE)(793x1122x1): test_snapshots/win32/firefox/issue15033/1_ref.png
REFTEST TEST-UNEXPECTED-FAIL | firefox-mao-main_thread_fetch-page1 | image comparison (==)
REFTEST   IMAGE 1 (TEST)(793x1122x1): test_snapshots/win32/firefox/mao-main_thread_fetch/1.png
REFTEST   IMAGE 2 (REFERENCE)(793x1122x1): test_snapshots/win32/firefox/mao-main_thread_fetch/1_ref.png
REFTEST TEST-UNEXPECTED-FAIL | firefox-issue5726-page1 | image comparison (==)
REFTEST   IMAGE 1 (TEST)(491x782x1): test_snapshots/win32/firefox/issue5726/1.png
REFTEST   IMAGE 2 (REFERENCE)(491x782x1): test_snapshots/win32/firefox/issue5726/1_ref.png
REFTEST TEST-UNEXPECTED-FAIL | firefox-issue2770-text-page1 | image comparison (==)
REFTEST   IMAGE 1 (TEST)(816x1056x1): test_snapshots/win32/firefox/issue2770-text/1.png
REFTEST   IMAGE 2 (REFERENCE)(816x1056x1): test_snapshots/win32/firefox/issue2770-text/1_ref.png
REFTEST TEST-UNEXPECTED-FAIL | firefox-issue4926-partial-page1 | image comparison (==)
REFTEST   IMAGE 1 (TEST)(816x1056x1): test_snapshots/win32/firefox/issue4926-partial/1.png
REFTEST   IMAGE 2 (REFERENCE)(816x1056x1): test_snapshots/win32/firefox/issue4926-partial/1_ref.png
REFTEST TEST-UNEXPECTED-FAIL | firefox-issue4926-partial-page3 | image comparison (==)
REFTEST   IMAGE 1 (TEST)(816x1056x1): test_snapshots/win32/firefox/issue4926-partial/3.png
REFTEST   IMAGE 2 (REFERENCE)(816x1056x1): test_snapshots/win32/firefox/issue4926-partial/3_ref.png
REFTEST TEST-UNEXPECTED-FAIL | firefox-annotation-freetext-page1 | image comparison (==)
REFTEST   IMAGE 1 (TEST)(793x1122x1): test_snapshots/win32/firefox/annotation-freetext/1.png
REFTEST   IMAGE 2 (REFERENCE)(793x1122x1): test_snapshots/win32/firefox/annotation-freetext/1_ref.png
REFTEST TEST-UNEXPECTED-FAIL | firefox-issue14415-page1 | image comparison (==)
REFTEST   IMAGE 1 (TEST)(816x1056x1): test_snapshots/win32/firefox/issue14415/1.png
REFTEST   IMAGE 2 (REFERENCE)(816x1056x1): test_snapshots/win32/firefox/issue14415/1_ref.png
REFTEST TEST-UNEXPECTED-FAIL | firefox-issue9186-page1 | image comparison (==)
REFTEST   IMAGE 1 (TEST)(816x1056x1): test_snapshots/win32/firefox/issue9186/1.png
REFTEST   IMAGE 2 (REFERENCE)(816x1056x1): test_snapshots/win32/firefox/issue9186/1_ref.png
REFTEST TEST-UNEXPECTED-FAIL | firefox-issue14685-print-page1 | image comparison (==)
REFTEST   IMAGE 1 (TEST)(793x1122x1): test_snapshots/win32/firefox/issue14685-print/1.png
REFTEST   IMAGE 2 (REFERENCE)(793x1122x1): test_snapshots/win32/firefox/issue14685-print/1_ref.png
REFTEST TEST-UNEXPECTED-FAIL | firefox-issue14928-page1 | image comparison (==)
REFTEST   IMAGE 1 (TEST)(793x1122x1): test_snapshots/win32/firefox/issue14928/1.png
REFTEST   IMAGE 2 (REFERENCE)(793x1122x1): test_snapshots/win32/firefox/issue14928/1_ref.png
REFTEST TEST-UNEXPECTED-FAIL | firefox-bug1675139-print-page1 | image comparison (==)
REFTEST   IMAGE 1 (TEST)(816x1056x1): test_snapshots/win32/firefox/bug1675139-print/1.png
REFTEST   IMAGE 2 (REFERENCE)(816x1056x1): test_snapshots/win32/firefox/bug1675139-print/1_ref.png
REFTEST TEST-UNEXPECTED-FAIL | firefox-ascii_save_print_textfields-page1 | image comparison (==)
REFTEST   IMAGE 1 (TEST)(816x1056x1): test_snapshots/win32/firefox/ascii_save_print_textfields/1.png
REFTEST   IMAGE 2 (REFERENCE)(816x1056x1): test_snapshots/win32/firefox/ascii_save_print_textfields/1_ref.png
REFTEST TEST-UNEXPECTED-FAIL | firefox-issue16221-text-page1 | image comparison (==)
REFTEST   IMAGE 1 (TEST)(816x1056x1): test_snapshots/win32/firefox/issue16221-text/1.png
REFTEST   IMAGE 2 (REFERENCE)(816x1056x1): test_snapshots/win32/firefox/issue16221-text/1_ref.png
REFTEST TEST-UNEXPECTED-FAIL | firefox-freetexts-editor-print-page1 | image comparison (==)
REFTEST   IMAGE 1 (TEST)(816x1056x1): test_snapshots/win32/firefox/freetexts-editor-print/1.png
REFTEST   IMAGE 2 (REFERENCE)(816x1056x1): test_snapshots/win32/firefox/freetexts-editor-print/1_ref.png
REFTEST TEST-UNEXPECTED-FAIL | firefox-freetexts-delete-editor-save-page1 | image comparison (==)
REFTEST   IMAGE 1 (TEST)(816x1056x1): test_snapshots/win32/firefox/freetexts-delete-editor-save/1.png
REFTEST   IMAGE 2 (REFERENCE)(816x1056x1): test_snapshots/win32/firefox/freetexts-delete-editor-save/1_ref.png
REFTEST TEST-UNEXPECTED-FAIL | firefox-bug1860602-page2 | image comparison (==)
REFTEST   IMAGE 1 (TEST)(793x1122x1): test_snapshots/win32/firefox/bug1860602/2.png
REFTEST   IMAGE 2 (REFERENCE)(793x1122x1): test_snapshots/win32/firefox/bug1860602/2_ref.png
REFTEST TEST-UNEXPECTED-FAIL | firefox-issue21523-page1 | image comparison (==)
REFTEST   IMAGE 1 (TEST)(793x1122x1): test_snapshots/win32/firefox/issue21523/1.png
REFTEST   IMAGE 2 (REFERENCE)(793x1122x1): test_snapshots/win32/firefox/issue21523/1_ref.png
REFTEST TEST-UNEXPECTED-FAIL | firefox-bug1963407-page1 | image comparison (==)
REFTEST   IMAGE 1 (TEST)(816x1056x1): test_snapshots/win32/firefox/bug1963407/1.png
REFTEST   IMAGE 2 (REFERENCE)(816x1056x1): test_snapshots/win32/firefox/bug1963407/1_ref.png
REFTEST TEST-UNEXPECTED-FAIL | firefox-issue20489-page1 | image comparison (==)
REFTEST   IMAGE 1 (TEST)(1584x1122x1): test_snapshots/win32/firefox/issue20489/1.png
REFTEST   IMAGE 2 (REFERENCE)(1584x1122x1): test_snapshots/win32/firefox/issue20489/1_ref.png
REFTEST TEST-UNEXPECTED-FAIL | firefox-issue20246-page1 | image comparison (==)
REFTEST   IMAGE 1 (TEST)(793x1122x1): test_snapshots/win32/firefox/issue20246/1.png
REFTEST   IMAGE 2 (REFERENCE)(793x1122x1): test_snapshots/win32/firefox/issue20246/1_ref.png
REFTEST TEST-UNEXPECTED-FAIL | firefox-knockout_groups_test-page1 | image comparison (==)
REFTEST   IMAGE 1 (TEST)(853x813x1): test_snapshots/win32/firefox/knockout_groups_test/1.png
REFTEST   IMAGE 2 (REFERENCE)(853x813x1): test_snapshots/win32/firefox/knockout_groups_test/1_ref.png
REFTEST TEST-UNEXPECTED-FAIL | firefox-knockout_groups_test-page2 | image comparison (==)
REFTEST   IMAGE 1 (TEST)(853x813x1): test_snapshots/win32/firefox/knockout_groups_test/2.png
REFTEST   IMAGE 2 (REFERENCE)(853x813x1): test_snapshots/win32/firefox/knockout_groups_test/2_ref.png
REFTEST TEST-UNEXPECTED-FAIL | firefox-knockout_groups_test-page3 | image comparison (==)
REFTEST   IMAGE 1 (TEST)(853x813x1): test_snapshots/win32/firefox/knockout_groups_test/3.png
REFTEST   IMAGE 2 (REFERENCE)(853x813x1): test_snapshots/win32/firefox/knockout_groups_test/3_ref.png
REFTEST TEST-UNEXPECTED-FAIL | firefox-issue7625-page1 | image comparison (==)
REFTEST   IMAGE 1 (TEST)(869x1096x1): test_snapshots/win32/firefox/issue7625/1.png
REFTEST   IMAGE 2 (REFERENCE)(869x1096x1): test_snapshots/win32/firefox/issue7625/1_ref.png
REFTEST TEST-UNEXPECTED-FAIL | firefox-issue2391-1-page1 | image comparison (==)
REFTEST   IMAGE 1 (TEST)(793x1122x1): test_snapshots/win32/firefox/issue2391-1/1.png
REFTEST   IMAGE 2 (REFERENCE)(793x1122x1): test_snapshots/win32/firefox/issue2391-1/1_ref.png
REFTEST TEST-UNEXPECTED-FAIL | firefox-intelisa-eq-page2 | image comparison (==)
REFTEST   IMAGE 1 (TEST)(816x1056x1): test_snapshots/win32/firefox/intelisa-eq/2.png
REFTEST   IMAGE 2 (REFERENCE)(816x1056x1): test_snapshots/win32/firefox/intelisa-eq/2_ref.png
REFTEST TEST-UNEXPECTED-FAIL | firefox-intelisa-eq-page18 | image comparison (==)
REFTEST   IMAGE 1 (TEST)(816x1056x1): test_snapshots/win32/firefox/intelisa-eq/18.png
REFTEST   IMAGE 2 (REFERENCE)(816x1056x1): test_snapshots/win32/firefox/intelisa-eq/18_ref.png
REFTEST TEST-UNEXPECTED-FAIL | firefox-intelisa-eq-page21 | image comparison (==)
REFTEST   IMAGE 1 (TEST)(816x1056x1): test_snapshots/win32/firefox/intelisa-eq/21.png
REFTEST   IMAGE 2 (REFERENCE)(816x1056x1): test_snapshots/win32/firefox/intelisa-eq/21_ref.png
REFTEST TEST-UNEXPECTED-FAIL | firefox-intelisa-eq-page22 | image comparison (==)
REFTEST   IMAGE 1 (TEST)(816x1056x1): test_snapshots/win32/firefox/intelisa-eq/22.png
REFTEST   IMAGE 2 (REFERENCE)(816x1056x1): test_snapshots/win32/firefox/intelisa-eq/22_ref.png
REFTEST TEST-UNEXPECTED-FAIL | firefox-intelisa-eq-page23 | image comparison (==)
REFTEST   IMAGE 1 (TEST)(816x1056x1): test_snapshots/win32/firefox/intelisa-eq/23.png
REFTEST   IMAGE 2 (REFERENCE)(816x1056x1): test_snapshots/win32/firefox/intelisa-eq/23_ref.png
REFTEST TEST-UNEXPECTED-FAIL | firefox-intelisa-eq-page24 | image comparison (==)
REFTEST   IMAGE 1 (TEST)(816x1056x1): test_snapshots/win32/firefox/intelisa-eq/24.png
REFTEST   IMAGE 2 (REFERENCE)(816x1056x1): test_snapshots/win32/firefox/intelisa-eq/24_ref.png
REFTEST TEST-UNEXPECTED-FAIL | firefox-intelisa-eq-page25 | image comparison (==)
REFTEST   IMAGE 1 (TEST)(816x1056x1): test_snapshots/win32/firefox/intelisa-eq/25.png
REFTEST   IMAGE 2 (REFERENCE)(816x1056x1): test_snapshots/win32/firefox/intelisa-eq/25_ref.png
REFTEST TEST-UNEXPECTED-FAIL | firefox-intelisa-eq-page26 | image comparison (==)
REFTEST   IMAGE 1 (TEST)(816x1056x1): test_snapshots/win32/firefox/intelisa-eq/26.png
REFTEST   IMAGE 2 (REFERENCE)(816x1056x1): test_snapshots/win32/firefox/intelisa-eq/26_ref.png
REFTEST TEST-UNEXPECTED-FAIL | firefox-intelisa-eq-page27 | image comparison (==)
REFTEST   IMAGE 1 (TEST)(816x1056x1): test_snapshots/win32/firefox/intelisa-eq/27.png
REFTEST   IMAGE 2 (REFERENCE)(816x1056x1): test_snapshots/win32/firefox/intelisa-eq/27_ref.png
REFTEST TEST-UNEXPECTED-FAIL | firefox-intelisa-eq-page28 | image comparison (==)
REFTEST   IMAGE 1 (TEST)(816x1056x1): test_snapshots/win32/firefox/intelisa-eq/28.png
REFTEST   IMAGE 2 (REFERENCE)(816x1056x1): test_snapshots/win32/firefox/intelisa-eq/28_ref.png
REFTEST TEST-UNEXPECTED-FAIL | firefox-intelisa-eq-page29 | image comparison (==)
REFTEST   IMAGE 1 (TEST)(816x1056x1): test_snapshots/win32/firefox/intelisa-eq/29.png
REFTEST   IMAGE 2 (REFERENCE)(816x1056x1): test_snapshots/win32/firefox/intelisa-eq/29_ref.png
REFTEST TEST-UNEXPECTED-FAIL | firefox-intelisa-eq-page30 | image comparison (==)
REFTEST   IMAGE 1 (TEST)(816x1056x1): test_snapshots/win32/firefox/intelisa-eq/30.png
REFTEST   IMAGE 2 (REFERENCE)(816x1056x1): test_snapshots/win32/firefox/intelisa-eq/30_ref.png
REFTEST TEST-UNEXPECTED-FAIL | firefox-intelisa-eq-page31 | image comparison (==)
REFTEST   IMAGE 1 (TEST)(816x1056x1): test_snapshots/win32/firefox/intelisa-eq/31.png
REFTEST   IMAGE 2 (REFERENCE)(816x1056x1): test_snapshots/win32/firefox/intelisa-eq/31_ref.png
REFTEST TEST-UNEXPECTED-FAIL | firefox-intelisa-eq-page32 | image comparison (==)
REFTEST   IMAGE 1 (TEST)(816x1056x1): test_snapshots/win32/firefox/intelisa-eq/32.png
REFTEST   IMAGE 2 (REFERENCE)(816x1056x1): test_snapshots/win32/firefox/intelisa-eq/32_ref.png
REFTEST TEST-UNEXPECTED-FAIL | firefox-intelisa-eq-page33 | image comparison (==)
REFTEST   IMAGE 1 (TEST)(816x1056x1): test_snapshots/win32/firefox/intelisa-eq/33.png
REFTEST   IMAGE 2 (REFERENCE)(816x1056x1): test_snapshots/win32/firefox/intelisa-eq/33_ref.png
REFTEST TEST-UNEXPECTED-FAIL | firefox-intelisa-eq-page34 | image comparison (==)
REFTEST   IMAGE 1 (TEST)(816x1056x1): test_snapshots/win32/firefox/intelisa-eq/34.png
REFTEST   IMAGE 2 (REFERENCE)(816x1056x1): test_snapshots/win32/firefox/intelisa-eq/34_ref.png
REFTEST TEST-UNEXPECTED-FAIL | firefox-intelisa-eq-page35 | image comparison (==)
REFTEST   IMAGE 1 (TEST)(816x1056x1): test_snapshots/win32/firefox/intelisa-eq/35.png
REFTEST   IMAGE 2 (REFERENCE)(816x1056x1): test_snapshots/win32/firefox/intelisa-eq/35_ref.png
REFTEST TEST-UNEXPECTED-FAIL | firefox-intelisa-eq-page36 | image comparison (==)
REFTEST   IMAGE 1 (TEST)(816x1056x1): test_snapshots/win32/firefox/intelisa-eq/36.png
REFTEST   IMAGE 2 (REFERENCE)(816x1056x1): test_snapshots/win32/firefox/intelisa-eq/36_ref.png
REFTEST TEST-UNEXPECTED-FAIL | firefox-intelisa-eq-page37 | image comparison (==)
REFTEST   IMAGE 1 (TEST)(816x1056x1): test_snapshots/win32/firefox/intelisa-eq/37.png
REFTEST   IMAGE 2 (REFERENCE)(816x1056x1): test_snapshots/win32/firefox/intelisa-eq/37_ref.png
REFTEST TEST-UNEXPECTED-FAIL | firefox-intelisa-eq-page38 | image comparison (==)
REFTEST   IMAGE 1 (TEST)(816x1056x1): test_snapshots/win32/firefox/intelisa-eq/38.png
REFTEST   IMAGE 2 (REFERENCE)(816x1056x1): test_snapshots/win32/firefox/intelisa-eq/38_ref.png
REFTEST TEST-UNEXPECTED-FAIL | firefox-intelisa-eq-page39 | image comparison (==)
REFTEST   IMAGE 1 (TEST)(816x1056x1): test_snapshots/win32/firefox/intelisa-eq/39.png
REFTEST   IMAGE 2 (REFERENCE)(816x1056x1): test_snapshots/win32/firefox/intelisa-eq/39_ref.png
REFTEST TEST-UNEXPECTED-FAIL | firefox-intelisa-eq-page40 | image comparison (==)
REFTEST   IMAGE 1 (TEST)(816x1056x1): test_snapshots/win32/firefox/intelisa-eq/40.png
REFTEST   IMAGE 2 (REFERENCE)(816x1056x1): test_snapshots/win32/firefox/intelisa-eq/40_ref.png
REFTEST TEST-UNEXPECTED-FAIL | firefox-intelisa-eq-page42 | image comparison (==)
REFTEST   IMAGE 1 (TEST)(816x1056x1): test_snapshots/win32/firefox/intelisa-eq/42.png
REFTEST   IMAGE 2 (REFERENCE)(816x1056x1): test_snapshots/win32/firefox/intelisa-eq/42_ref.png
REFTEST TEST-UNEXPECTED-FAIL | firefox-intelisa-eq-page43 | image comparison (==)
REFTEST   IMAGE 1 (TEST)(816x1056x1): test_snapshots/win32/firefox/intelisa-eq/43.png
REFTEST   IMAGE 2 (REFERENCE)(816x1056x1): test_snapshots/win32/firefox/intelisa-eq/43_ref.png
REFTEST TEST-UNEXPECTED-FAIL | firefox-intelisa-eq-page44 | image comparison (==)
REFTEST   IMAGE 1 (TEST)(816x1056x1): test_snapshots/win32/firefox/intelisa-eq/44.png
REFTEST   IMAGE 2 (REFERENCE)(816x1056x1): test_snapshots/win32/firefox/intelisa-eq/44_ref.png
REFTEST TEST-UNEXPECTED-FAIL | firefox-intelisa-eq-page45 | image comparison (==)
REFTEST   IMAGE 1 (TEST)(816x1056x1): test_snapshots/win32/firefox/intelisa-eq/45.png
REFTEST   IMAGE 2 (REFERENCE)(816x1056x1): test_snapshots/win32/firefox/intelisa-eq/45_ref.png
REFTEST TEST-UNEXPECTED-FAIL | firefox-intelisa-eq-page46 | image comparison (==)
REFTEST   IMAGE 1 (TEST)(816x1056x1): test_snapshots/win32/firefox/intelisa-eq/46.png
REFTEST   IMAGE 2 (REFERENCE)(816x1056x1): test_snapshots/win32/firefox/intelisa-eq/46_ref.png
REFTEST TEST-UNEXPECTED-FAIL | firefox-intelisa-eq-page47 | image comparison (==)
REFTEST   IMAGE 1 (TEST)(816x1056x1): test_snapshots/win32/firefox/intelisa-eq/47.png
REFTEST   IMAGE 2 (REFERENCE)(816x1056x1): test_snapshots/win32/firefox/intelisa-eq/47_ref.png
REFTEST TEST-UNEXPECTED-FAIL | firefox-intelisa-eq-page48 | image comparison (==)
REFTEST   IMAGE 1 (TEST)(816x1056x1): test_snapshots/win32/firefox/intelisa-eq/48.png
REFTEST   IMAGE 2 (REFERENCE)(816x1056x1): test_snapshots/win32/firefox/intelisa-eq/48_ref.png
REFTEST TEST-UNEXPECTED-FAIL | firefox-intelisa-eq-page49 | image comparison (==)
REFTEST   IMAGE 1 (TEST)(816x1056x1): test_snapshots/win32/firefox/intelisa-eq/49.png
REFTEST   IMAGE 2 (REFERENCE)(816x1056x1): test_snapshots/win32/firefox/intelisa-eq/49_ref.png
REFTEST TEST-UNEXPECTED-FAIL | firefox-intelisa-eq-page50 | image comparison (==)
REFTEST   IMAGE 1 (TEST)(816x1056x1): test_snapshots/win32/firefox/intelisa-eq/50.png
REFTEST   IMAGE 2 (REFERENCE)(816x1056x1): test_snapshots/win32/firefox/intelisa-eq/50_ref.png
REFTEST TEST-UNEXPECTED-FAIL | firefox-intelisa-eq-page59 | image comparison (==)
REFTEST   IMAGE 1 (TEST)(816x1056x1): test_snapshots/win32/firefox/intelisa-eq/59.png
REFTEST   IMAGE 2 (REFERENCE)(816x1056x1): test_snapshots/win32/firefox/intelisa-eq/59_ref.png
REFTEST TEST-UNEXPECTED-FAIL | firefox-intelisa-eq-page60 | image comparison (==)
REFTEST   IMAGE 1 (TEST)(816x1056x1): test_snapshots/win32/firefox/intelisa-eq/60.png
REFTEST   IMAGE 2 (REFERENCE)(816x1056x1): test_snapshots/win32/firefox/intelisa-eq/60_ref.png
REFTEST TEST-UNEXPECTED-FAIL | firefox-intelisa-eq-page61 | image comparison (==)
REFTEST   IMAGE 1 (TEST)(816x1056x1): test_snapshots/win32/firefox/intelisa-eq/61.png
REFTEST   IMAGE 2 (REFERENCE)(816x1056x1): test_snapshots/win32/firefox/intelisa-eq/61_ref.png
REFTEST TEST-UNEXPECTED-FAIL | firefox-intelisa-eq-page62 | image comparison (==)
REFTEST   IMAGE 1 (TEST)(816x1056x1): test_snapshots/win32/firefox/intelisa-eq/62.png
REFTEST   IMAGE 2 (REFERENCE)(816x1056x1): test_snapshots/win32/firefox/intelisa-eq/62_ref.png
REFTEST TEST-UNEXPECTED-FAIL | firefox-intelisa-eq-page63 | image comparison (==)
REFTEST   IMAGE 1 (TEST)(816x1056x1): test_snapshots/win32/firefox/intelisa-eq/63.png
REFTEST   IMAGE 2 (REFERENCE)(816x1056x1): test_snapshots/win32/firefox/intelisa-eq/63_ref.png
REFTEST TEST-UNEXPECTED-FAIL | firefox-intelisa-eq-page64 | image comparison (==)
REFTEST   IMAGE 1 (TEST)(816x1056x1): test_snapshots/win32/firefox/intelisa-eq/64.png
REFTEST   IMAGE 2 (REFERENCE)(816x1056x1): test_snapshots/win32/firefox/intelisa-eq/64_ref.png
REFTEST TEST-UNEXPECTED-FAIL | firefox-intelisa-eq-page65 | image comparison (==)
REFTEST   IMAGE 1 (TEST)(816x1056x1): test_snapshots/win32/firefox/intelisa-eq/65.png
REFTEST   IMAGE 2 (REFERENCE)(816x1056x1): test_snapshots/win32/firefox/intelisa-eq/65_ref.png
REFTEST TEST-UNEXPECTED-FAIL | firefox-intelisa-eq-page66 | image comparison (==)
REFTEST   IMAGE 1 (TEST)(816x1056x1): test_snapshots/win32/firefox/intelisa-eq/66.png
REFTEST   IMAGE 2 (REFERENCE)(816x1056x1): test_snapshots/win32/firefox/intelisa-eq/66_ref.png
REFTEST TEST-UNEXPECTED-FAIL | firefox-intelisa-eq-page67 | image comparison (==)
REFTEST   IMAGE 1 (TEST)(816x1056x1): test_snapshots/win32/firefox/intelisa-eq/67.png
REFTEST   IMAGE 2 (REFERENCE)(816x1056x1): test_snapshots/win32/firefox/intelisa-eq/67_ref.png
REFTEST TEST-UNEXPECTED-FAIL | firefox-intelisa-eq-page68 | image comparison (==)
REFTEST   IMAGE 1 (TEST)(816x1056x1): test_snapshots/win32/firefox/intelisa-eq/68.png
REFTEST   IMAGE 2 (REFERENCE)(816x1056x1): test_snapshots/win32/firefox/intelisa-eq/68_ref.png
REFTEST TEST-UNEXPECTED-FAIL | firefox-intelisa-eq-page69 | image comparison (==)
REFTEST   IMAGE 1 (TEST)(816x1056x1): test_snapshots/win32/firefox/intelisa-eq/69.png
REFTEST   IMAGE 2 (REFERENCE)(816x1056x1): test_snapshots/win32/firefox/intelisa-eq/69_ref.png
REFTEST TEST-UNEXPECTED-FAIL | firefox-intelisa-eq-page70 | image comparison (==)
REFTEST   IMAGE 1 (TEST)(816x1056x1): test_snapshots/win32/firefox/intelisa-eq/70.png
REFTEST   IMAGE 2 (REFERENCE)(816x1056x1): test_snapshots/win32/firefox/intelisa-eq/70_ref.png
REFTEST TEST-UNEXPECTED-FAIL | firefox-intelisa-eq-page71 | image comparison (==)
REFTEST   IMAGE 1 (TEST)(816x1056x1): test_snapshots/win32/firefox/intelisa-eq/71.png
REFTEST   IMAGE 2 (REFERENCE)(816x1056x1): test_snapshots/win32/firefox/intelisa-eq/71_ref.png
REFTEST TEST-UNEXPECTED-FAIL | firefox-intelisa-eq-page72 | image comparison (==)
REFTEST   IMAGE 1 (TEST)(816x1056x1): test_snapshots/win32/firefox/intelisa-eq/72.png
REFTEST   IMAGE 2 (REFERENCE)(816x1056x1): test_snapshots/win32/firefox/intelisa-eq/72_ref.png
REFTEST TEST-UNEXPECTED-FAIL | firefox-intelisa-eq-page73 | image comparison (==)
REFTEST   IMAGE 1 (TEST)(816x1056x1): test_snapshots/win32/firefox/intelisa-eq/73.png
REFTEST   IMAGE 2 (REFERENCE)(816x1056x1): test_snapshots/win32/firefox/intelisa-eq/73_ref.png
REFTEST TEST-UNEXPECTED-FAIL | firefox-intelisa-eq-page74 | image comparison (==)
REFTEST   IMAGE 1 (TEST)(816x1056x1): test_snapshots/win32/firefox/intelisa-eq/74.png
REFTEST   IMAGE 2 (REFERENCE)(816x1056x1): test_snapshots/win32/firefox/intelisa-eq/74_ref.png
REFTEST TEST-UNEXPECTED-FAIL | firefox-intelisa-eq-page75 | image comparison (==)
REFTEST   IMAGE 1 (TEST)(816x1056x1): test_snapshots/win32/firefox/intelisa-eq/75.png
REFTEST   IMAGE 2 (REFERENCE)(816x1056x1): test_snapshots/win32/firefox/intelisa-eq/75_ref.png
REFTEST TEST-UNEXPECTED-FAIL | firefox-intelisa-eq-page76 | image comparison (==)
REFTEST   IMAGE 1 (TEST)(816x1056x1): test_snapshots/win32/firefox/intelisa-eq/76.png
REFTEST   IMAGE 2 (REFERENCE)(816x1056x1): test_snapshots/win32/firefox/intelisa-eq/76_ref.png
REFTEST TEST-UNEXPECTED-FAIL | firefox-intelisa-eq-page77 | image comparison (==)
REFTEST   IMAGE 1 (TEST)(816x1056x1): test_snapshots/win32/firefox/intelisa-eq/77.png
REFTEST   IMAGE 2 (REFERENCE)(816x1056x1): test_snapshots/win32/firefox/intelisa-eq/77_ref.png
REFTEST TEST-UNEXPECTED-FAIL | firefox-intelisa-eq-page78 | image comparison (==)
REFTEST   IMAGE 1 (TEST)(816x1056x1): test_snapshots/win32/firefox/intelisa-eq/78.png
REFTEST   IMAGE 2 (REFERENCE)(816x1056x1): test_snapshots/win32/firefox/intelisa-eq/78_ref.png
REFTEST TEST-UNEXPECTED-FAIL | firefox-intelisa-eq-page79 | image comparison (==)
REFTEST   IMAGE 1 (TEST)(816x1056x1): test_snapshots/win32/firefox/intelisa-eq/79.png
REFTEST   IMAGE 2 (REFERENCE)(816x1056x1): test_snapshots/win32/firefox/intelisa-eq/79_ref.png
REFTEST TEST-UNEXPECTED-FAIL | firefox-intelisa-eq-page80 | image comparison (==)
REFTEST   IMAGE 1 (TEST)(816x1056x1): test_snapshots/win32/firefox/intelisa-eq/80.png
REFTEST   IMAGE 2 (REFERENCE)(816x1056x1): test_snapshots/win32/firefox/intelisa-eq/80_ref.png
REFTEST TEST-UNEXPECTED-FAIL | firefox-intelisa-eq-page81 | image comparison (==)
REFTEST   IMAGE 1 (TEST)(816x1056x1): test_snapshots/win32/firefox/intelisa-eq/81.png
REFTEST   IMAGE 2 (REFERENCE)(816x1056x1): test_snapshots/win32/firefox/intelisa-eq/81_ref.png
REFTEST TEST-UNEXPECTED-FAIL | firefox-intelisa-eq-page83 | image comparison (==)
REFTEST   IMAGE 1 (TEST)(816x1056x1): test_snapshots/win32/firefox/intelisa-eq/83.png
REFTEST   IMAGE 2 (REFERENCE)(816x1056x1): test_snapshots/win32/firefox/intelisa-eq/83_ref.png
REFTEST TEST-UNEXPECTED-FAIL | firefox-intelisa-eq-page84 | image comparison (==)
REFTEST   IMAGE 1 (TEST)(816x1056x1): test_snapshots/win32/firefox/intelisa-eq/84.png
REFTEST   IMAGE 2 (REFERENCE)(816x1056x1): test_snapshots/win32/firefox/intelisa-eq/84_ref.png
REFTEST TEST-UNEXPECTED-FAIL | firefox-intelisa-eq-page85 | image comparison (==)
REFTEST   IMAGE 1 (TEST)(816x1056x1): test_snapshots/win32/firefox/intelisa-eq/85.png
REFTEST   IMAGE 2 (REFERENCE)(816x1056x1): test_snapshots/win32/firefox/intelisa-eq/85_ref.png
REFTEST TEST-UNEXPECTED-FAIL | firefox-intelisa-eq-page86 | image comparison (==)
REFTEST   IMAGE 1 (TEST)(816x1056x1): test_snapshots/win32/firefox/intelisa-eq/86.png
REFTEST   IMAGE 2 (REFERENCE)(816x1056x1): test_snapshots/win32/firefox/intelisa-eq/86_ref.png
REFTEST TEST-UNEXPECTED-FAIL | firefox-intelisa-eq-page87 | image comparison (==)
REFTEST   IMAGE 1 (TEST)(816x1056x1): test_snapshots/win32/firefox/intelisa-eq/87.png
REFTEST   IMAGE 2 (REFERENCE)(816x1056x1): test_snapshots/win32/firefox/intelisa-eq/87_ref.png
REFTEST TEST-UNEXPECTED-FAIL | firefox-intelisa-eq-page88 | image comparison (==)
REFTEST   IMAGE 1 (TEST)(816x1056x1): test_snapshots/win32/firefox/intelisa-eq/88.png
REFTEST   IMAGE 2 (REFERENCE)(816x1056x1): test_snapshots/win32/firefox/intelisa-eq/88_ref.png
REFTEST TEST-UNEXPECTED-FAIL | firefox-intelisa-eq-page89 | image comparison (==)
REFTEST   IMAGE 1 (TEST)(816x1056x1): test_snapshots/win32/firefox/intelisa-eq/89.png
REFTEST   IMAGE 2 (REFERENCE)(816x1056x1): test_snapshots/win32/firefox/intelisa-eq/89_ref.png
REFTEST TEST-UNEXPECTED-FAIL | firefox-intelisa-eq-page90 | image comparison (==)
REFTEST   IMAGE 1 (TEST)(816x1056x1): test_snapshots/win32/firefox/intelisa-eq/90.png
REFTEST   IMAGE 2 (REFERENCE)(816x1056x1): test_snapshots/win32/firefox/intelisa-eq/90_ref.png
REFTEST TEST-UNEXPECTED-FAIL | firefox-intelisa-eq-page91 | image comparison (==)
REFTEST   IMAGE 1 (TEST)(816x1056x1): test_snapshots/win32/firefox/intelisa-eq/91.png
REFTEST   IMAGE 2 (REFERENCE)(816x1056x1): test_snapshots/win32/firefox/intelisa-eq/91_ref.png
REFTEST TEST-UNEXPECTED-FAIL | firefox-intelisa-eq-page92 | image comparison (==)
REFTEST   IMAGE 1 (TEST)(816x1056x1): test_snapshots/win32/firefox/intelisa-eq/92.png
REFTEST   IMAGE 2 (REFERENCE)(816x1056x1): test_snapshots/win32/firefox/intelisa-eq/92_ref.png
REFTEST TEST-UNEXPECTED-FAIL | firefox-intelisa-eq-page93 | image comparison (==)
REFTEST   IMAGE 1 (TEST)(816x1056x1): test_snapshots/win32/firefox/intelisa-eq/93.png
REFTEST   IMAGE 2 (REFERENCE)(816x1056x1): test_snapshots/win32/firefox/intelisa-eq/93_ref.png
REFTEST TEST-UNEXPECTED-FAIL | firefox-intelisa-eq-page94 | image comparison (==)
REFTEST   IMAGE 1 (TEST)(816x1056x1): test_snapshots/win32/firefox/intelisa-eq/94.png
REFTEST   IMAGE 2 (REFERENCE)(816x1056x1): test_snapshots/win32/firefox/intelisa-eq/94_ref.png
REFTEST TEST-UNEXPECTED-FAIL | firefox-intelisa-eq-page95 | image comparison (==)
REFTEST   IMAGE 1 (TEST)(816x1056x1): test_snapshots/win32/firefox/intelisa-eq/95.png
REFTEST   IMAGE 2 (REFERENCE)(816x1056x1): test_snapshots/win32/firefox/intelisa-eq/95_ref.png
REFTEST TEST-UNEXPECTED-FAIL | firefox-intelisa-eq-page96 | image comparison (==)
REFTEST   IMAGE 1 (TEST)(816x1056x1): test_snapshots/win32/firefox/intelisa-eq/96.png
REFTEST   IMAGE 2 (REFERENCE)(816x1056x1): test_snapshots/win32/firefox/intelisa-eq/96_ref.png
REFTEST TEST-UNEXPECTED-FAIL | firefox-intelisa-eq-page97 | image comparison (==)
REFTEST   IMAGE 1 (TEST)(816x1056x1): test_snapshots/win32/firefox/intelisa-eq/97.png
REFTEST   IMAGE 2 (REFERENCE)(816x1056x1): test_snapshots/win32/firefox/intelisa-eq/97_ref.png
REFTEST TEST-UNEXPECTED-FAIL | firefox-intelisa-eq-page98 | image comparison (==)
REFTEST   IMAGE 1 (TEST)(816x1056x1): test_snapshots/win32/firefox/intelisa-eq/98.png
REFTEST   IMAGE 2 (REFERENCE)(816x1056x1): test_snapshots/win32/firefox/intelisa-eq/98_ref.png
REFTEST TEST-UNEXPECTED-FAIL | firefox-intelisa-eq-page99 | image comparison (==)
REFTEST   IMAGE 1 (TEST)(816x1056x1): test_snapshots/win32/firefox/intelisa-eq/99.png
REFTEST   IMAGE 2 (REFERENCE)(816x1056x1): test_snapshots/win32/firefox/intelisa-eq/99_ref.png
REFTEST TEST-UNEXPECTED-FAIL | firefox-intelisa-eq-page100 | image comparison (==)
REFTEST   IMAGE 1 (TEST)(816x1056x1): test_snapshots/win32/firefox/intelisa-eq/100.png
REFTEST   IMAGE 2 (REFERENCE)(816x1056x1): test_snapshots/win32/firefox/intelisa-eq/100_ref.png
REFTEST TEST-UNEXPECTED-FAIL | firefox-issue4914-page1 | image comparison (==)
REFTEST   IMAGE 1 (TEST)(816x1056x1): test_snapshots/win32/firefox/issue4914/1.png
REFTEST   IMAGE 2 (REFERENCE)(816x1056x1): test_snapshots/win32/firefox/issue4914/1_ref.png
REFTEST TEST-UNEXPECTED-FAIL | firefox-artofwar-partial-page4 | image comparison (==)
REFTEST   IMAGE 1 (TEST)(816x1056x1): test_snapshots/win32/firefox/artofwar-partial/4.png
REFTEST   IMAGE 2 (REFERENCE)(816x1056x1): test_snapshots/win32/firefox/artofwar-partial/4_ref.png
REFTEST TEST-UNEXPECTED-FAIL | firefox-artofwar-partial-page5 | image comparison (==)
REFTEST   IMAGE 1 (TEST)(816x1056x1): test_snapshots/win32/firefox/artofwar-partial/5.png
REFTEST   IMAGE 2 (REFERENCE)(816x1056x1): test_snapshots/win32/firefox/artofwar-partial/5_ref.png
REFTEST TEST-UNEXPECTED-FAIL | firefox-artofwar-partial-page6 | image comparison (==)
REFTEST   IMAGE 1 (TEST)(816x1056x1): test_snapshots/win32/firefox/artofwar-partial/6.png
REFTEST   IMAGE 2 (REFERENCE)(816x1056x1): test_snapshots/win32/firefox/artofwar-partial/6_ref.png
REFTEST TEST-UNEXPECTED-FAIL | firefox-artofwar-partial-page7 | image comparison (==)
REFTEST   IMAGE 1 (TEST)(816x1056x1): test_snapshots/win32/firefox/artofwar-partial/7.png
REFTEST   IMAGE 2 (REFERENCE)(816x1056x1): test_snapshots/win32/firefox/artofwar-partial/7_ref.png
REFTEST TEST-UNEXPECTED-FAIL | firefox-artofwar-partial-page8 | image comparison (==)
REFTEST   IMAGE 1 (TEST)(816x1056x1): test_snapshots/win32/firefox/artofwar-partial/8.png
REFTEST   IMAGE 2 (REFERENCE)(816x1056x1): test_snapshots/win32/firefox/artofwar-partial/8_ref.png
REFTEST TEST-UNEXPECTED-FAIL | firefox-artofwar-partial-page9 | image comparison (==)
REFTEST   IMAGE 1 (TEST)(816x1056x1): test_snapshots/win32/firefox/artofwar-partial/9.png
REFTEST   IMAGE 2 (REFERENCE)(816x1056x1): test_snapshots/win32/firefox/artofwar-partial/9_ref.png
REFTEST TEST-UNEXPECTED-FAIL | firefox-artofwar-partial-page10 | image comparison (==)
REFTEST   IMAGE 1 (TEST)(816x1056x1): test_snapshots/win32/firefox/artofwar-partial/10.png
REFTEST   IMAGE 2 (REFERENCE)(816x1056x1): test_snapshots/win32/firefox/artofwar-partial/10_ref.png
REFTEST TEST-UNEXPECTED-FAIL | firefox-artofwar-partial-page11 | image comparison (==)
REFTEST   IMAGE 1 (TEST)(816x1056x1): test_snapshots/win32/firefox/artofwar-partial/11.png
REFTEST   IMAGE 2 (REFERENCE)(816x1056x1): test_snapshots/win32/firefox/artofwar-partial/11_ref.png
REFTEST TEST-UNEXPECTED-FAIL | firefox-artofwar-partial-page12 | image comparison (==)
REFTEST   IMAGE 1 (TEST)(816x1056x1): test_snapshots/win32/firefox/artofwar-partial/12.png
REFTEST   IMAGE 2 (REFERENCE)(816x1056x1): test_snapshots/win32/firefox/artofwar-partial/12_ref.png
REFTEST TEST-UNEXPECTED-FAIL | firefox-artofwar-partial-page13 | image comparison (==)
REFTEST   IMAGE 1 (TEST)(816x1056x1): test_snapshots/win32/firefox/artofwar-partial/13.png
REFTEST   IMAGE 2 (REFERENCE)(816x1056x1): test_snapshots/win32/firefox/artofwar-partial/13_ref.png
REFTEST TEST-UNEXPECTED-FAIL | firefox-artofwar-partial-page14 | image comparison (==)
REFTEST   IMAGE 1 (TEST)(816x1056x1): test_snapshots/win32/firefox/artofwar-partial/14.png
REFTEST   IMAGE 2 (REFERENCE)(816x1056x1): test_snapshots/win32/firefox/artofwar-partial/14_ref.png
REFTEST TEST-UNEXPECTED-FAIL | firefox-artofwar-partial-page15 | image comparison (==)
REFTEST   IMAGE 1 (TEST)(816x1056x1): test_snapshots/win32/firefox/artofwar-partial/15.png
REFTEST   IMAGE 2 (REFERENCE)(816x1056x1): test_snapshots/win32/firefox/artofwar-partial/15_ref.png
REFTEST TEST-UNEXPECTED-FAIL | firefox-artofwar-partial-page16 | image comparison (==)
REFTEST   IMAGE 1 (TEST)(816x1056x1): test_snapshots/win32/firefox/artofwar-partial/16.png
REFTEST   IMAGE 2 (REFERENCE)(816x1056x1): test_snapshots/win32/firefox/artofwar-partial/16_ref.png
REFTEST TEST-UNEXPECTED-FAIL | firefox-artofwar-partial-page17 | image comparison (==)
REFTEST   IMAGE 1 (TEST)(816x1056x1): test_snapshots/win32/firefox/artofwar-partial/17.png
REFTEST   IMAGE 2 (REFERENCE)(816x1056x1): test_snapshots/win32/firefox/artofwar-partial/17_ref.png
REFTEST TEST-UNEXPECTED-FAIL | firefox-artofwar-partial-page18 | image comparison (==)
REFTEST   IMAGE 1 (TEST)(816x1056x1): test_snapshots/win32/firefox/artofwar-partial/18.png
REFTEST   IMAGE 2 (REFERENCE)(816x1056x1): test_snapshots/win32/firefox/artofwar-partial/18_ref.png
REFTEST TEST-UNEXPECTED-FAIL | firefox-artofwar-partial-page19 | image comparison (==)
REFTEST   IMAGE 1 (TEST)(816x1056x1): test_snapshots/win32/firefox/artofwar-partial/19.png
REFTEST   IMAGE 2 (REFERENCE)(816x1056x1): test_snapshots/win32/firefox/artofwar-partial/19_ref.png
REFTEST TEST-UNEXPECTED-FAIL | firefox-artofwar-partial-page20 | image comparison (==)
REFTEST   IMAGE 1 (TEST)(816x1056x1): test_snapshots/win32/firefox/artofwar-partial/20.png
REFTEST   IMAGE 2 (REFERENCE)(816x1056x1): test_snapshots/win32/firefox/artofwar-partial/20_ref.png
REFTEST TEST-UNEXPECTED-FAIL | firefox-artofwar-partial-page21 | image comparison (==)
REFTEST   IMAGE 1 (TEST)(816x1056x1): test_snapshots/win32/firefox/artofwar-partial/21.png
REFTEST   IMAGE 2 (REFERENCE)(816x1056x1): test_snapshots/win32/firefox/artofwar-partial/21_ref.png
REFTEST TEST-UNEXPECTED-FAIL | firefox-artofwar-partial-page22 | image comparison (==)
REFTEST   IMAGE 1 (TEST)(816x1056x1): test_snapshots/win32/firefox/artofwar-partial/22.png
REFTEST   IMAGE 2 (REFERENCE)(816x1056x1): test_snapshots/win32/firefox/artofwar-partial/22_ref.png
REFTEST TEST-UNEXPECTED-FAIL | firefox-artofwar-partial-page23 | image comparison (==)
REFTEST   IMAGE 1 (TEST)(816x1056x1): test_snapshots/win32/firefox/artofwar-partial/23.png
REFTEST   IMAGE 2 (REFERENCE)(816x1056x1): test_snapshots/win32/firefox/artofwar-partial/23_ref.png
REFTEST TEST-UNEXPECTED-FAIL | firefox-artofwar-partial-page24 | image comparison (==)
REFTEST   IMAGE 1 (TEST)(816x1056x1): test_snapshots/win32/firefox/artofwar-partial/24.png
REFTEST   IMAGE 2 (REFERENCE)(816x1056x1): test_snapshots/win32/firefox/artofwar-partial/24_ref.png
REFTEST TEST-UNEXPECTED-FAIL | firefox-artofwar-partial-page25 | image comparison (==)
REFTEST   IMAGE 1 (TEST)(816x1056x1): test_snapshots/win32/firefox/artofwar-partial/25.png
REFTEST   IMAGE 2 (REFERENCE)(816x1056x1): test_snapshots/win32/firefox/artofwar-partial/25_ref.png
REFTEST TEST-UNEXPECTED-FAIL | firefox-artofwar-partial-page26 | image comparison (==)
REFTEST   IMAGE 1 (TEST)(816x1056x1): test_snapshots/win32/firefox/artofwar-partial/26.png
REFTEST   IMAGE 2 (REFERENCE)(816x1056x1): test_snapshots/win32/firefox/artofwar-partial/26_ref.png
REFTEST TEST-UNEXPECTED-FAIL | firefox-artofwar-partial-page27 | image comparison (==)
REFTEST   IMAGE 1 (TEST)(816x1056x1): test_snapshots/win32/firefox/artofwar-partial/27.png
REFTEST   IMAGE 2 (REFERENCE)(816x1056x1): test_snapshots/win32/firefox/artofwar-partial/27_ref.png
REFTEST TEST-UNEXPECTED-FAIL | firefox-artofwar-partial-page28 | image comparison (==)
REFTEST   IMAGE 1 (TEST)(816x1056x1): test_snapshots/win32/firefox/artofwar-partial/28.png
REFTEST   IMAGE 2 (REFERENCE)(816x1056x1): test_snapshots/win32/firefox/artofwar-partial/28_ref.png
REFTEST TEST-UNEXPECTED-FAIL | firefox-artofwar-partial-page29 | image comparison (==)
REFTEST   IMAGE 1 (TEST)(816x1056x1): test_snapshots/win32/firefox/artofwar-partial/29.png
REFTEST   IMAGE 2 (REFERENCE)(816x1056x1): test_snapshots/win32/firefox/artofwar-partial/29_ref.png
REFTEST TEST-UNEXPECTED-FAIL | firefox-artofwar-partial-page30 | image comparison (==)
REFTEST   IMAGE 1 (TEST)(816x1056x1): test_snapshots/win32/firefox/artofwar-partial/30.png
REFTEST   IMAGE 2 (REFERENCE)(816x1056x1): test_snapshots/win32/firefox/artofwar-partial/30_ref.png
REFTEST TEST-UNEXPECTED-FAIL | firefox-artofwar-partial-page31 | image comparison (==)
REFTEST   IMAGE 1 (TEST)(816x1056x1): test_snapshots/win32/firefox/artofwar-partial/31.png
REFTEST   IMAGE 2 (REFERENCE)(816x1056x1): test_snapshots/win32/firefox/artofwar-partial/31_ref.png
REFTEST TEST-UNEXPECTED-FAIL | firefox-artofwar-partial-page32 | image comparison (==)
REFTEST   IMAGE 1 (TEST)(816x1056x1): test_snapshots/win32/firefox/artofwar-partial/32.png
REFTEST   IMAGE 2 (REFERENCE)(816x1056x1): test_snapshots/win32/firefox/artofwar-partial/32_ref.png
REFTEST TEST-UNEXPECTED-FAIL | firefox-artofwar-partial-page33 | image comparison (==)
REFTEST   IMAGE 1 (TEST)(816x1056x1): test_snapshots/win32/firefox/artofwar-partial/33.png
REFTEST   IMAGE 2 (REFERENCE)(816x1056x1): test_snapshots/win32/firefox/artofwar-partial/33_ref.png
REFTEST TEST-UNEXPECTED-FAIL | firefox-artofwar-partial-page34 | image comparison (==)
REFTEST   IMAGE 1 (TEST)(816x1056x1): test_snapshots/win32/firefox/artofwar-partial/34.png
REFTEST   IMAGE 2 (REFERENCE)(816x1056x1): test_snapshots/win32/firefox/artofwar-partial/34_ref.png
REFTEST TEST-UNEXPECTED-FAIL | firefox-artofwar-partial-page35 | image comparison (==)
REFTEST   IMAGE 1 (TEST)(816x1056x1): test_snapshots/win32/firefox/artofwar-partial/35.png
REFTEST   IMAGE 2 (REFERENCE)(816x1056x1): test_snapshots/win32/firefox/artofwar-partial/35_ref.png
REFTEST TEST-UNEXPECTED-FAIL | firefox-artofwar-partial-page36 | image comparison (==)
REFTEST   IMAGE 1 (TEST)(816x1056x1): test_snapshots/win32/firefox/artofwar-partial/36.png
REFTEST   IMAGE 2 (REFERENCE)(816x1056x1): test_snapshots/win32/firefox/artofwar-partial/36_ref.png
REFTEST TEST-UNEXPECTED-FAIL | firefox-artofwar-partial-page37 | image comparison (==)
REFTEST   IMAGE 1 (TEST)(816x1056x1): test_snapshots/win32/firefox/artofwar-partial/37.png
REFTEST   IMAGE 2 (REFERENCE)(816x1056x1): test_snapshots/win32/firefox/artofwar-partial/37_ref.png
REFTEST TEST-UNEXPECTED-FAIL | firefox-artofwar-partial-page38 | image comparison (==)
REFTEST   IMAGE 1 (TEST)(816x1056x1): test_snapshots/win32/firefox/artofwar-partial/38.png
REFTEST   IMAGE 2 (REFERENCE)(816x1056x1): test_snapshots/win32/firefox/artofwar-partial/38_ref.png
REFTEST TEST-UNEXPECTED-FAIL | firefox-artofwar-partial-page39 | image comparison (==)
REFTEST   IMAGE 1 (TEST)(816x1056x1): test_snapshots/win32/firefox/artofwar-partial/39.png
REFTEST   IMAGE 2 (REFERENCE)(816x1056x1): test_snapshots/win32/firefox/artofwar-partial/39_ref.png
REFTEST TEST-UNEXPECTED-FAIL | firefox-artofwar-partial-page41 | image comparison (==)
REFTEST   IMAGE 1 (TEST)(816x1056x1): test_snapshots/win32/firefox/artofwar-partial/41.png
REFTEST   IMAGE 2 (REFERENCE)(816x1056x1): test_snapshots/win32/firefox/artofwar-partial/41_ref.png
REFTEST TEST-UNEXPECTED-FAIL | firefox-artofwar-partial-page42 | image comparison (==)
REFTEST   IMAGE 1 (TEST)(816x1056x1): test_snapshots/win32/firefox/artofwar-partial/42.png
REFTEST   IMAGE 2 (REFERENCE)(816x1056x1): test_snapshots/win32/firefox/artofwar-partial/42_ref.png
REFTEST TEST-UNEXPECTED-FAIL | firefox-artofwar-partial-page43 | image comparison (==)
REFTEST   IMAGE 1 (TEST)(816x1056x1): test_snapshots/win32/firefox/artofwar-partial/43.png
REFTEST   IMAGE 2 (REFERENCE)(816x1056x1): test_snapshots/win32/firefox/artofwar-partial/43_ref.png
REFTEST TEST-UNEXPECTED-FAIL | firefox-artofwar-partial-page44 | image comparison (==)
REFTEST   IMAGE 1 (TEST)(816x1056x1): test_snapshots/win32/firefox/artofwar-partial/44.png
REFTEST   IMAGE 2 (REFERENCE)(816x1056x1): test_snapshots/win32/firefox/artofwar-partial/44_ref.png
REFTEST TEST-UNEXPECTED-FAIL | firefox-artofwar-partial-page45 | image comparison (==)
REFTEST   IMAGE 1 (TEST)(816x1056x1): test_snapshots/win32/firefox/artofwar-partial/45.png
REFTEST   IMAGE 2 (REFERENCE)(816x1056x1): test_snapshots/win32/firefox/artofwar-partial/45_ref.png
REFTEST TEST-UNEXPECTED-FAIL | firefox-artofwar-partial-page46 | image comparison (==)
REFTEST   IMAGE 1 (TEST)(816x1056x1): test_snapshots/win32/firefox/artofwar-partial/46.png
REFTEST   IMAGE 2 (REFERENCE)(816x1056x1): test_snapshots/win32/firefox/artofwar-partial/46_ref.png
REFTEST TEST-UNEXPECTED-FAIL | firefox-artofwar-partial-page47 | image comparison (==)
REFTEST   IMAGE 1 (TEST)(816x1056x1): test_snapshots/win32/firefox/artofwar-partial/47.png
REFTEST   IMAGE 2 (REFERENCE)(816x1056x1): test_snapshots/win32/firefox/artofwar-partial/47_ref.png
REFTEST TEST-UNEXPECTED-FAIL | firefox-artofwar-partial-page48 | image comparison (==)
REFTEST   IMAGE 1 (TEST)(816x1056x1): test_snapshots/win32/firefox/artofwar-partial/48.png
REFTEST   IMAGE 2 (REFERENCE)(816x1056x1): test_snapshots/win32/firefox/artofwar-partial/48_ref.png
REFTEST TEST-UNEXPECTED-FAIL | firefox-artofwar-partial-page49 | image comparison (==)
REFTEST   IMAGE 1 (TEST)(816x1056x1): test_snapshots/win32/firefox/artofwar-partial/49.png
REFTEST   IMAGE 2 (REFERENCE)(816x1056x1): test_snapshots/win32/firefox/artofwar-partial/49_ref.png
REFTEST TEST-UNEXPECTED-FAIL | firefox-artofwar-partial-page50 | image comparison (==)
REFTEST   IMAGE 1 (TEST)(816x1056x1): test_snapshots/win32/firefox/artofwar-partial/50.png
REFTEST   IMAGE 2 (REFERENCE)(816x1056x1): test_snapshots/win32/firefox/artofwar-partial/50_ref.png
REFTEST TEST-UNEXPECTED-FAIL | firefox-artofwar-partial-page51 | image comparison (==)
REFTEST   IMAGE 1 (TEST)(816x1056x1): test_snapshots/win32/firefox/artofwar-partial/51.png
REFTEST   IMAGE 2 (REFERENCE)(816x1056x1): test_snapshots/win32/firefox/artofwar-partial/51_ref.png
REFTEST TEST-UNEXPECTED-FAIL | firefox-artofwar-partial-page52 | image comparison (==)
REFTEST   IMAGE 1 (TEST)(816x1056x1): test_snapshots/win32/firefox/artofwar-partial/52.png
REFTEST   IMAGE 2 (REFERENCE)(816x1056x1): test_snapshots/win32/firefox/artofwar-partial/52_ref.png
REFTEST TEST-UNEXPECTED-FAIL | firefox-artofwar-partial-page53 | image comparison (==)
REFTEST   IMAGE 1 (TEST)(816x1056x1): test_snapshots/win32/firefox/artofwar-partial/53.png
REFTEST   IMAGE 2 (REFERENCE)(816x1056x1): test_snapshots/win32/firefox/artofwar-partial/53_ref.png
REFTEST TEST-UNEXPECTED-FAIL | firefox-artofwar-partial-page54 | image comparison (==)
REFTEST   IMAGE 1 (TEST)(816x1056x1): test_snapshots/win32/firefox/artofwar-partial/54.png
REFTEST   IMAGE 2 (REFERENCE)(816x1056x1): test_snapshots/win32/firefox/artofwar-partial/54_ref.png
REFTEST TEST-UNEXPECTED-FAIL | firefox-artofwar-partial-page55 | image comparison (==)
REFTEST   IMAGE 1 (TEST)(816x1056x1): test_snapshots/win32/firefox/artofwar-partial/55.png
REFTEST   IMAGE 2 (REFERENCE)(816x1056x1): test_snapshots/win32/firefox/artofwar-partial/55_ref.png
REFTEST TEST-UNEXPECTED-FAIL | firefox-artofwar-partial-page56 | image comparison (==)
REFTEST   IMAGE 1 (TEST)(816x1056x1): test_snapshots/win32/firefox/artofwar-partial/56.png
REFTEST   IMAGE 2 (REFERENCE)(816x1056x1): test_snapshots/win32/firefox/artofwar-partial/56_ref.png
REFTEST TEST-UNEXPECTED-FAIL | firefox-artofwar-partial-page57 | image comparison (==)
REFTEST   IMAGE 1 (TEST)(816x1056x1): test_snapshots/win32/firefox/artofwar-partial/57.png
REFTEST   IMAGE 2 (REFERENCE)(816x1056x1): test_snapshots/win32/firefox/artofwar-partial/57_ref.png
REFTEST TEST-UNEXPECTED-FAIL | firefox-artofwar-partial-page58 | image comparison (==)
REFTEST   IMAGE 1 (TEST)(816x1056x1): test_snapshots/win32/firefox/artofwar-partial/58.png
REFTEST   IMAGE 2 (REFERENCE)(816x1056x1): test_snapshots/win32/firefox/artofwar-partial/58_ref.png
REFTEST TEST-UNEXPECTED-FAIL | firefox-artofwar-partial-page59 | image comparison (==)
REFTEST   IMAGE 1 (TEST)(816x1056x1): test_snapshots/win32/firefox/artofwar-partial/59.png
REFTEST   IMAGE 2 (REFERENCE)(816x1056x1): test_snapshots/win32/firefox/artofwar-partial/59_ref.png
REFTEST TEST-UNEXPECTED-FAIL | firefox-artofwar-partial-page60 | image comparison (==)
REFTEST   IMAGE 1 (TEST)(816x1056x1): test_snapshots/win32/firefox/artofwar-partial/60.png
REFTEST   IMAGE 2 (REFERENCE)(816x1056x1): test_snapshots/win32/firefox/artofwar-partial/60_ref.png
REFTEST TEST-UNEXPECTED-FAIL | firefox-artofwar-partial-page61 | image comparison (==)
REFTEST   IMAGE 1 (TEST)(816x1056x1): test_snapshots/win32/firefox/artofwar-partial/61.png
REFTEST   IMAGE 2 (REFERENCE)(816x1056x1): test_snapshots/win32/firefox/artofwar-partial/61_ref.png
REFTEST TEST-UNEXPECTED-FAIL | firefox-artofwar-partial-page62 | image comparison (==)
REFTEST   IMAGE 1 (TEST)(816x1056x1): test_snapshots/win32/firefox/artofwar-partial/62.png
REFTEST   IMAGE 2 (REFERENCE)(816x1056x1): test_snapshots/win32/firefox/artofwar-partial/62_ref.png
REFTEST TEST-UNEXPECTED-FAIL | firefox-artofwar-partial-page63 | image comparison (==)
REFTEST   IMAGE 1 (TEST)(816x1056x1): test_snapshots/win32/firefox/artofwar-partial/63.png
REFTEST   IMAGE 2 (REFERENCE)(816x1056x1): test_snapshots/win32/firefox/artofwar-partial/63_ref.png
REFTEST TEST-UNEXPECTED-FAIL | firefox-artofwar-partial-page64 | image comparison (==)
REFTEST   IMAGE 1 (TEST)(816x1056x1): test_snapshots/win32/firefox/artofwar-partial/64.png
REFTEST   IMAGE 2 (REFERENCE)(816x1056x1): test_snapshots/win32/firefox/artofwar-partial/64_ref.png
REFTEST TEST-UNEXPECTED-FAIL | firefox-artofwar-partial-page65 | image comparison (==)
REFTEST   IMAGE 1 (TEST)(816x1056x1): test_snapshots/win32/firefox/artofwar-partial/65.png
REFTEST   IMAGE 2 (REFERENCE)(816x1056x1): test_snapshots/win32/firefox/artofwar-partial/65_ref.png
REFTEST TEST-UNEXPECTED-FAIL | firefox-artofwar-partial-page66 | image comparison (==)
REFTEST   IMAGE 1 (TEST)(816x1056x1): test_snapshots/win32/firefox/artofwar-partial/66.png
REFTEST   IMAGE 2 (REFERENCE)(816x1056x1): test_snapshots/win32/firefox/artofwar-partial/66_ref.png
REFTEST TEST-UNEXPECTED-FAIL | firefox-artofwar-partial-page67 | image comparison (==)
REFTEST   IMAGE 1 (TEST)(816x1056x1): test_snapshots/win32/firefox/artofwar-partial/67.png
REFTEST   IMAGE 2 (REFERENCE)(816x1056x1): test_snapshots/win32/firefox/artofwar-partial/67_ref.png
REFTEST TEST-UNEXPECTED-FAIL | firefox-artofwar-partial-page68 | image comparison (==)
REFTEST   IMAGE 1 (TEST)(816x1056x1): test_snapshots/win32/firefox/artofwar-partial/68.png
REFTEST   IMAGE 2 (REFERENCE)(816x1056x1): test_snapshots/win32/firefox/artofwar-partial/68_ref.png
REFTEST TEST-UNEXPECTED-FAIL | firefox-artofwar-partial-page69 | image comparison (==)
REFTEST   IMAGE 1 (TEST)(816x1056x1): test_snapshots/win32/firefox/artofwar-partial/69.png
REFTEST   IMAGE 2 (REFERENCE)(816x1056x1): test_snapshots/win32/firefox/artofwar-partial/69_ref.png
REFTEST TEST-UNEXPECTED-FAIL | firefox-artofwar-partial-page70 | image comparison (==)
REFTEST   IMAGE 1 (TEST)(816x1056x1): test_snapshots/win32/firefox/artofwar-partial/70.png
REFTEST   IMAGE 2 (REFERENCE)(816x1056x1): test_snapshots/win32/firefox/artofwar-partial/70_ref.png
REFTEST TEST-UNEXPECTED-FAIL | firefox-artofwar-partial-page71 | image comparison (==)
REFTEST   IMAGE 1 (TEST)(816x1056x1): test_snapshots/win32/firefox/artofwar-partial/71.png
REFTEST   IMAGE 2 (REFERENCE)(816x1056x1): test_snapshots/win32/firefox/artofwar-partial/71_ref.png
REFTEST TEST-UNEXPECTED-FAIL | firefox-artofwar-partial-page72 | image comparison (==)
REFTEST   IMAGE 1 (TEST)(816x1056x1): test_snapshots/win32/firefox/artofwar-partial/72.png
REFTEST   IMAGE 2 (REFERENCE)(816x1056x1): test_snapshots/win32/firefox/artofwar-partial/72_ref.png
REFTEST TEST-UNEXPECTED-FAIL | firefox-artofwar-partial-page73 | image comparison (==)
REFTEST   IMAGE 1 (TEST)(816x1056x1): test_snapshots/win32/firefox/artofwar-partial/73.png
REFTEST   IMAGE 2 (REFERENCE)(816x1056x1): test_snapshots/win32/firefox/artofwar-partial/73_ref.png
REFTEST TEST-UNEXPECTED-FAIL | firefox-artofwar-partial-page74 | image comparison (==)
REFTEST   IMAGE 1 (TEST)(816x1056x1): test_snapshots/win32/firefox/artofwar-partial/74.png
REFTEST   IMAGE 2 (REFERENCE)(816x1056x1): test_snapshots/win32/firefox/artofwar-partial/74_ref.png
REFTEST TEST-UNEXPECTED-FAIL | firefox-artofwar-partial-page75 | image comparison (==)
REFTEST   IMAGE 1 (TEST)(816x1056x1): test_snapshots/win32/firefox/artofwar-partial/75.png
REFTEST   IMAGE 2 (REFERENCE)(816x1056x1): test_snapshots/win32/firefox/artofwar-partial/75_ref.png
REFTEST TEST-UNEXPECTED-FAIL | firefox-artofwar-partial-page76 | image comparison (==)
REFTEST   IMAGE 1 (TEST)(816x1056x1): test_snapshots/win32/firefox/artofwar-partial/76.png
REFTEST   IMAGE 2 (REFERENCE)(816x1056x1): test_snapshots/win32/firefox/artofwar-partial/76_ref.png
REFTEST TEST-UNEXPECTED-FAIL | firefox-artofwar-partial-page77 | image comparison (==)
REFTEST   IMAGE 1 (TEST)(816x1056x1): test_snapshots/win32/firefox/artofwar-partial/77.png
REFTEST   IMAGE 2 (REFERENCE)(816x1056x1): test_snapshots/win32/firefox/artofwar-partial/77_ref.png
REFTEST TEST-UNEXPECTED-FAIL | firefox-artofwar-partial-page78 | image comparison (==)
REFTEST   IMAGE 1 (TEST)(816x1056x1): test_snapshots/win32/firefox/artofwar-partial/78.png
REFTEST   IMAGE 2 (REFERENCE)(816x1056x1): test_snapshots/win32/firefox/artofwar-partial/78_ref.png
REFTEST TEST-UNEXPECTED-FAIL | firefox-artofwar-partial-page79 | image comparison (==)
REFTEST   IMAGE 1 (TEST)(816x1056x1): test_snapshots/win32/firefox/artofwar-partial/79.png
REFTEST   IMAGE 2 (REFERENCE)(816x1056x1): test_snapshots/win32/firefox/artofwar-partial/79_ref.png
REFTEST TEST-UNEXPECTED-FAIL | firefox-artofwar-partial-page80 | image comparison (==)
REFTEST   IMAGE 1 (TEST)(816x1056x1): test_snapshots/win32/firefox/artofwar-partial/80.png
REFTEST   IMAGE 2 (REFERENCE)(816x1056x1): test_snapshots/win32/firefox/artofwar-partial/80_ref.png
REFTEST TEST-UNEXPECTED-FAIL | firefox-artofwar-partial-page81 | image comparison (==)
REFTEST   IMAGE 1 (TEST)(816x1056x1): test_snapshots/win32/firefox/artofwar-partial/81.png
REFTEST   IMAGE 2 (REFERENCE)(816x1056x1): test_snapshots/win32/firefox/artofwar-partial/81_ref.png
REFTEST TEST-UNEXPECTED-FAIL | firefox-artofwar-partial-page82 | image comparison (==)
REFTEST   IMAGE 1 (TEST)(816x1056x1): test_snapshots/win32/firefox/artofwar-partial/82.png
REFTEST   IMAGE 2 (REFERENCE)(816x1056x1): test_snapshots/win32/firefox/artofwar-partial/82_ref.png
REFTEST TEST-UNEXPECTED-FAIL | firefox-artofwar-partial-page83 | image comparison (==)
REFTEST   IMAGE 1 (TEST)(816x1056x1): test_snapshots/win32/firefox/artofwar-partial/83.png
REFTEST   IMAGE 2 (REFERENCE)(816x1056x1): test_snapshots/win32/firefox/artofwar-partial/83_ref.png
REFTEST TEST-UNEXPECTED-FAIL | firefox-artofwar-partial-page85 | image comparison (==)
REFTEST   IMAGE 1 (TEST)(816x1056x1): test_snapshots/win32/firefox/artofwar-partial/85.png
REFTEST   IMAGE 2 (REFERENCE)(816x1056x1): test_snapshots/win32/firefox/artofwar-partial/85_ref.png
REFTEST TEST-UNEXPECTED-FAIL | firefox-artofwar-partial-page86 | image comparison (==)
REFTEST   IMAGE 1 (TEST)(816x1056x1): test_snapshots/win32/firefox/artofwar-partial/86.png
REFTEST   IMAGE 2 (REFERENCE)(816x1056x1): test_snapshots/win32/firefox/artofwar-partial/86_ref.png
REFTEST TEST-UNEXPECTED-FAIL | firefox-artofwar-partial-page87 | image comparison (==)
REFTEST   IMAGE 1 (TEST)(816x1056x1): test_snapshots/win32/firefox/artofwar-partial/87.png
REFTEST   IMAGE 2 (REFERENCE)(816x1056x1): test_snapshots/win32/firefox/artofwar-partial/87_ref.png
REFTEST TEST-UNEXPECTED-FAIL | firefox-artofwar-partial-page88 | image comparison (==)
REFTEST   IMAGE 1 (TEST)(816x1056x1): test_snapshots/win32/firefox/artofwar-partial/88.png
REFTEST   IMAGE 2 (REFERENCE)(816x1056x1): test_snapshots/win32/firefox/artofwar-partial/88_ref.png
REFTEST TEST-UNEXPECTED-FAIL | firefox-artofwar-partial-page89 | image comparison (==)
REFTEST   IMAGE 1 (TEST)(816x1056x1): test_snapshots/win32/firefox/artofwar-partial/89.png
REFTEST   IMAGE 2 (REFERENCE)(816x1056x1): test_snapshots/win32/firefox/artofwar-partial/89_ref.png
REFTEST TEST-UNEXPECTED-FAIL | firefox-artofwar-partial-page90 | image comparison (==)
REFTEST   IMAGE 1 (TEST)(816x1056x1): test_snapshots/win32/firefox/artofwar-partial/90.png
REFTEST   IMAGE 2 (REFERENCE)(816x1056x1): test_snapshots/win32/firefox/artofwar-partial/90_ref.png
REFTEST TEST-UNEXPECTED-FAIL | firefox-artofwar-partial-page91 | image comparison (==)
REFTEST   IMAGE 1 (TEST)(816x1056x1): test_snapshots/win32/firefox/artofwar-partial/91.png
REFTEST   IMAGE 2 (REFERENCE)(816x1056x1): test_snapshots/win32/firefox/artofwar-partial/91_ref.png
REFTEST TEST-UNEXPECTED-FAIL | firefox-artofwar-partial-page92 | image comparison (==)
REFTEST   IMAGE 1 (TEST)(816x1056x1): test_snapshots/win32/firefox/artofwar-partial/92.png
REFTEST   IMAGE 2 (REFERENCE)(816x1056x1): test_snapshots/win32/firefox/artofwar-partial/92_ref.png
REFTEST TEST-UNEXPECTED-FAIL | firefox-artofwar-partial-page93 | image comparison (==)
REFTEST   IMAGE 1 (TEST)(816x1056x1): test_snapshots/win32/firefox/artofwar-partial/93.png
REFTEST   IMAGE 2 (REFERENCE)(816x1056x1): test_snapshots/win32/firefox/artofwar-partial/93_ref.png
REFTEST TEST-UNEXPECTED-FAIL | firefox-artofwar-partial-page94 | image comparison (==)
REFTEST   IMAGE 1 (TEST)(816x1056x1): test_snapshots/win32/firefox/artofwar-partial/94.png
REFTEST   IMAGE 2 (REFERENCE)(816x1056x1): test_snapshots/win32/firefox/artofwar-partial/94_ref.png
REFTEST TEST-UNEXPECTED-FAIL | firefox-artofwar-partial-page95 | image comparison (==)
REFTEST   IMAGE 1 (TEST)(816x1056x1): test_snapshots/win32/firefox/artofwar-partial/95.png
REFTEST   IMAGE 2 (REFERENCE)(816x1056x1): test_snapshots/win32/firefox/artofwar-partial/95_ref.png
REFTEST TEST-UNEXPECTED-FAIL | firefox-artofwar-partial-page96 | image comparison (==)
REFTEST   IMAGE 1 (TEST)(816x1056x1): test_snapshots/win32/firefox/artofwar-partial/96.png
REFTEST   IMAGE 2 (REFERENCE)(816x1056x1): test_snapshots/win32/firefox/artofwar-partial/96_ref.png
REFTEST TEST-UNEXPECTED-FAIL | firefox-artofwar-partial-page97 | image comparison (==)
REFTEST   IMAGE 1 (TEST)(816x1056x1): test_snapshots/win32/firefox/artofwar-partial/97.png
REFTEST   IMAGE 2 (REFERENCE)(816x1056x1): test_snapshots/win32/firefox/artofwar-partial/97_ref.png
REFTEST TEST-UNEXPECTED-FAIL | firefox-artofwar-partial-page98 | image comparison (==)
REFTEST   IMAGE 1 (TEST)(816x1056x1): test_snapshots/win32/firefox/artofwar-partial/98.png
REFTEST   IMAGE 2 (REFERENCE)(816x1056x1): test_snapshots/win32/firefox/artofwar-partial/98_ref.png
REFTEST TEST-UNEXPECTED-FAIL | firefox-artofwar-partial-page99 | image comparison (==)
REFTEST   IMAGE 1 (TEST)(816x1056x1): test_snapshots/win32/firefox/artofwar-partial/99.png
REFTEST   IMAGE 2 (REFERENCE)(816x1056x1): test_snapshots/win32/firefox/artofwar-partial/99_ref.png
REFTEST TEST-UNEXPECTED-FAIL | firefox-artofwar-partial-page100 | image comparison (==)
REFTEST   IMAGE 1 (TEST)(816x1056x1): test_snapshots/win32/firefox/artofwar-partial/100.png
REFTEST   IMAGE 2 (REFERENCE)(816x1056x1): test_snapshots/win32/firefox/artofwar-partial/100_ref.png
REFTEST TEST-UNEXPECTED-FAIL | firefox-artofwar-partial-page101 | image comparison (==)
REFTEST   IMAGE 1 (TEST)(816x1056x1): test_snapshots/win32/firefox/artofwar-partial/101.png
REFTEST   IMAGE 2 (REFERENCE)(816x1056x1): test_snapshots/win32/firefox/artofwar-partial/101_ref.png
REFTEST TEST-UNEXPECTED-FAIL | firefox-artofwar-partial-page102 | image comparison (==)
REFTEST   IMAGE 1 (TEST)(816x1056x1): test_snapshots/win32/firefox/artofwar-partial/102.png
REFTEST   IMAGE 2 (REFERENCE)(816x1056x1): test_snapshots/win32/firefox/artofwar-partial/102_ref.png
REFTEST TEST-UNEXPECTED-FAIL | firefox-artofwar-partial-page103 | image comparison (==)
REFTEST   IMAGE 1 (TEST)(816x1056x1): test_snapshots/win32/firefox/artofwar-partial/103.png
REFTEST   IMAGE 2 (REFERENCE)(816x1056x1): test_snapshots/win32/firefox/artofwar-partial/103_ref.png
REFTEST TEST-UNEXPECTED-FAIL | firefox-artofwar-partial-page104 | image comparison (==)
REFTEST   IMAGE 1 (TEST)(816x1056x1): test_snapshots/win32/firefox/artofwar-partial/104.png
REFTEST   IMAGE 2 (REFERENCE)(816x1056x1): test_snapshots/win32/firefox/artofwar-partial/104_ref.png
REFTEST TEST-UNEXPECTED-FAIL | firefox-artofwar-partial-page105 | image comparison (==)
REFTEST   IMAGE 1 (TEST)(816x1056x1): test_snapshots/win32/firefox/artofwar-partial/105.png
REFTEST   IMAGE 2 (REFERENCE)(816x1056x1): test_snapshots/win32/firefox/artofwar-partial/105_ref.png
REFTEST TEST-UNEXPECTED-FAIL | firefox-artofwar-partial-page106 | image comparison (==)
REFTEST   IMAGE 1 (TEST)(816x1056x1): test_snapshots/win32/firefox/artofwar-partial/106.png
REFTEST   IMAGE 2 (REFERENCE)(816x1056x1): test_snapshots/win32/firefox/artofwar-partial/106_ref.png
REFTEST TEST-UNEXPECTED-FAIL | firefox-artofwar-partial-page107 | image comparison (==)
REFTEST   IMAGE 1 (TEST)(816x1056x1): test_snapshots/win32/firefox/artofwar-partial/107.png
REFTEST   IMAGE 2 (REFERENCE)(816x1056x1): test_snapshots/win32/firefox/artofwar-partial/107_ref.png
REFTEST TEST-UNEXPECTED-FAIL | firefox-artofwar-partial-page108 | image comparison (==)
REFTEST   IMAGE 1 (TEST)(816x1056x1): test_snapshots/win32/firefox/artofwar-partial/108.png
REFTEST   IMAGE 2 (REFERENCE)(816x1056x1): test_snapshots/win32/firefox/artofwar-partial/108_ref.png
REFTEST TEST-UNEXPECTED-FAIL | firefox-artofwar-partial-page109 | image comparison (==)
REFTEST   IMAGE 1 (TEST)(816x1056x1): test_snapshots/win32/firefox/artofwar-partial/109.png
REFTEST   IMAGE 2 (REFERENCE)(816x1056x1): test_snapshots/win32/firefox/artofwar-partial/109_ref.png
REFTEST TEST-UNEXPECTED-FAIL | firefox-artofwar-partial-page110 | image comparison (==)
REFTEST   IMAGE 1 (TEST)(816x1056x1): test_snapshots/win32/firefox/artofwar-partial/110.png
REFTEST   IMAGE 2 (REFERENCE)(816x1056x1): test_snapshots/win32/firefox/artofwar-partial/110_ref.png
REFTEST TEST-UNEXPECTED-FAIL | firefox-artofwar-partial-page111 | image comparison (==)
REFTEST   IMAGE 1 (TEST)(816x1056x1): test_snapshots/win32/firefox/artofwar-partial/111.png
REFTEST   IMAGE 2 (REFERENCE)(816x1056x1): test_snapshots/win32/firefox/artofwar-partial/111_ref.png
REFTEST TEST-UNEXPECTED-FAIL | firefox-artofwar-partial-page112 | image comparison (==)
REFTEST   IMAGE 1 (TEST)(816x1056x1): test_snapshots/win32/firefox/artofwar-partial/112.png
REFTEST   IMAGE 2 (REFERENCE)(816x1056x1): test_snapshots/win32/firefox/artofwar-partial/112_ref.png
REFTEST TEST-UNEXPECTED-FAIL | firefox-artofwar-partial-page113 | image comparison (==)
REFTEST   IMAGE 1 (TEST)(816x1056x1): test_snapshots/win32/firefox/artofwar-partial/113.png
REFTEST   IMAGE 2 (REFERENCE)(816x1056x1): test_snapshots/win32/firefox/artofwar-partial/113_ref.png
REFTEST TEST-UNEXPECTED-FAIL | firefox-artofwar-partial-page114 | image comparison (==)
REFTEST   IMAGE 1 (TEST)(816x1056x1): test_snapshots/win32/firefox/artofwar-partial/114.png
REFTEST   IMAGE 2 (REFERENCE)(816x1056x1): test_snapshots/win32/firefox/artofwar-partial/114_ref.png
REFTEST TEST-UNEXPECTED-FAIL | firefox-artofwar-partial-page115 | image comparison (==)
REFTEST   IMAGE 1 (TEST)(816x1056x1): test_snapshots/win32/firefox/artofwar-partial/115.png
REFTEST   IMAGE 2 (REFERENCE)(816x1056x1): test_snapshots/win32/firefox/artofwar-partial/115_ref.png
REFTEST TEST-UNEXPECTED-FAIL | firefox-artofwar-partial-page116 | image comparison (==)
REFTEST   IMAGE 1 (TEST)(816x1056x1): test_snapshots/win32/firefox/artofwar-partial/116.png
REFTEST   IMAGE 2 (REFERENCE)(816x1056x1): test_snapshots/win32/firefox/artofwar-partial/116_ref.png
REFTEST TEST-UNEXPECTED-FAIL | firefox-artofwar-partial-page117 | image comparison (==)
REFTEST   IMAGE 1 (TEST)(816x1056x1): test_snapshots/win32/firefox/artofwar-partial/117.png
REFTEST   IMAGE 2 (REFERENCE)(816x1056x1): test_snapshots/win32/firefox/artofwar-partial/117_ref.png
REFTEST TEST-UNEXPECTED-FAIL | firefox-artofwar-partial-page118 | image comparison (==)
REFTEST   IMAGE 1 (TEST)(816x1056x1): test_snapshots/win32/firefox/artofwar-partial/118.png
REFTEST   IMAGE 2 (REFERENCE)(816x1056x1): test_snapshots/win32/firefox/artofwar-partial/118_ref.png
REFTEST TEST-UNEXPECTED-FAIL | firefox-artofwar-partial-page119 | image comparison (==)
REFTEST   IMAGE 1 (TEST)(816x1056x1): test_snapshots/win32/firefox/artofwar-partial/119.png
REFTEST   IMAGE 2 (REFERENCE)(816x1056x1): test_snapshots/win32/firefox/artofwar-partial/119_ref.png
REFTEST TEST-UNEXPECTED-FAIL | firefox-artofwar-partial-page120 | image comparison (==)
REFTEST   IMAGE 1 (TEST)(816x1056x1): test_snapshots/win32/firefox/artofwar-partial/120.png
REFTEST   IMAGE 2 (REFERENCE)(816x1056x1): test_snapshots/win32/firefox/artofwar-partial/120_ref.png
REFTEST TEST-UNEXPECTED-FAIL | firefox-artofwar-partial-page121 | image comparison (==)
REFTEST   IMAGE 1 (TEST)(816x1056x1): test_snapshots/win32/firefox/artofwar-partial/121.png
REFTEST   IMAGE 2 (REFERENCE)(816x1056x1): test_snapshots/win32/firefox/artofwar-partial/121_ref.png
REFTEST TEST-UNEXPECTED-FAIL | firefox-artofwar-partial-page122 | image comparison (==)
REFTEST   IMAGE 1 (TEST)(816x1056x1): test_snapshots/win32/firefox/artofwar-partial/122.png
REFTEST   IMAGE 2 (REFERENCE)(816x1056x1): test_snapshots/win32/firefox/artofwar-partial/122_ref.png
REFTEST TEST-UNEXPECTED-FAIL | firefox-artofwar-partial-page123 | image comparison (==)
REFTEST   IMAGE 1 (TEST)(816x1056x1): test_snapshots/win32/firefox/artofwar-partial/123.png
REFTEST   IMAGE 2 (REFERENCE)(816x1056x1): test_snapshots/win32/firefox/artofwar-partial/123_ref.png
REFTEST TEST-UNEXPECTED-FAIL | firefox-artofwar-partial-page124 | image comparison (==)
REFTEST   IMAGE 1 (TEST)(816x1056x1): test_snapshots/win32/firefox/artofwar-partial/124.png
REFTEST   IMAGE 2 (REFERENCE)(816x1056x1): test_snapshots/win32/firefox/artofwar-partial/124_ref.png
REFTEST TEST-UNEXPECTED-FAIL | firefox-artofwar-partial-page125 | image comparison (==)
REFTEST   IMAGE 1 (TEST)(816x1056x1): test_snapshots/win32/firefox/artofwar-partial/125.png
REFTEST   IMAGE 2 (REFERENCE)(816x1056x1): test_snapshots/win32/firefox/artofwar-partial/125_ref.png
REFTEST TEST-UNEXPECTED-FAIL | firefox-artofwar-partial-page126 | image comparison (==)
REFTEST   IMAGE 1 (TEST)(816x1056x1): test_snapshots/win32/firefox/artofwar-partial/126.png
REFTEST   IMAGE 2 (REFERENCE)(816x1056x1): test_snapshots/win32/firefox/artofwar-partial/126_ref.png
REFTEST TEST-UNEXPECTED-FAIL | firefox-artofwar-partial-page127 | image comparison (==)
REFTEST   IMAGE 1 (TEST)(816x1056x1): test_snapshots/win32/firefox/artofwar-partial/127.png
REFTEST   IMAGE 2 (REFERENCE)(816x1056x1): test_snapshots/win32/firefox/artofwar-partial/127_ref.png
REFTEST TEST-UNEXPECTED-FAIL | firefox-artofwar-partial-page128 | image comparison (==)
REFTEST   IMAGE 1 (TEST)(816x1056x1): test_snapshots/win32/firefox/artofwar-partial/128.png
REFTEST   IMAGE 2 (REFERENCE)(816x1056x1): test_snapshots/win32/firefox/artofwar-partial/128_ref.png
REFTEST TEST-UNEXPECTED-FAIL | firefox-artofwar-partial-page129 | image comparison (==)
REFTEST   IMAGE 1 (TEST)(816x1056x1): test_snapshots/win32/firefox/artofwar-partial/129.png
REFTEST   IMAGE 2 (REFERENCE)(816x1056x1): test_snapshots/win32/firefox/artofwar-partial/129_ref.png
REFTEST TEST-UNEXPECTED-FAIL | firefox-artofwar-partial-page130 | image comparison (==)
REFTEST   IMAGE 1 (TEST)(816x1056x1): test_snapshots/win32/firefox/artofwar-partial/130.png
REFTEST   IMAGE 2 (REFERENCE)(816x1056x1): test_snapshots/win32/firefox/artofwar-partial/130_ref.png
REFTEST TEST-UNEXPECTED-FAIL | firefox-artofwar-partial-page131 | image comparison (==)
REFTEST   IMAGE 1 (TEST)(816x1056x1): test_snapshots/win32/firefox/artofwar-partial/131.png
REFTEST   IMAGE 2 (REFERENCE)(816x1056x1): test_snapshots/win32/firefox/artofwar-partial/131_ref.png
REFTEST TEST-UNEXPECTED-FAIL | firefox-artofwar-partial-page132 | image comparison (==)
REFTEST   IMAGE 1 (TEST)(816x1056x1): test_snapshots/win32/firefox/artofwar-partial/132.png
REFTEST   IMAGE 2 (REFERENCE)(816x1056x1): test_snapshots/win32/firefox/artofwar-partial/132_ref.png
REFTEST TEST-UNEXPECTED-FAIL | firefox-artofwar-partial-page133 | image comparison (==)
REFTEST   IMAGE 1 (TEST)(816x1056x1): test_snapshots/win32/firefox/artofwar-partial/133.png
REFTEST   IMAGE 2 (REFERENCE)(816x1056x1): test_snapshots/win32/firefox/artofwar-partial/133_ref.png
REFTEST TEST-UNEXPECTED-FAIL | firefox-artofwar-partial-page134 | image comparison (==)
REFTEST   IMAGE 1 (TEST)(816x1056x1): test_snapshots/win32/firefox/artofwar-partial/134.png
REFTEST   IMAGE 2 (REFERENCE)(816x1056x1): test_snapshots/win32/firefox/artofwar-partial/134_ref.png
REFTEST TEST-UNEXPECTED-FAIL | firefox-artofwar-partial-page135 | image comparison (==)
REFTEST   IMAGE 1 (TEST)(816x1056x1): test_snapshots/win32/firefox/artofwar-partial/135.png
REFTEST   IMAGE 2 (REFERENCE)(816x1056x1): test_snapshots/win32/firefox/artofwar-partial/135_ref.png
REFTEST TEST-UNEXPECTED-FAIL | firefox-artofwar-partial-page136 | image comparison (==)
REFTEST   IMAGE 1 (TEST)(816x1056x1): test_snapshots/win32/firefox/artofwar-partial/136.png
REFTEST   IMAGE 2 (REFERENCE)(816x1056x1): test_snapshots/win32/firefox/artofwar-partial/136_ref.png
REFTEST TEST-UNEXPECTED-FAIL | firefox-artofwar-partial-page137 | image comparison (==)
REFTEST   IMAGE 1 (TEST)(816x1056x1): test_snapshots/win32/firefox/artofwar-partial/137.png
REFTEST   IMAGE 2 (REFERENCE)(816x1056x1): test_snapshots/win32/firefox/artofwar-partial/137_ref.png
REFTEST TEST-UNEXPECTED-FAIL | firefox-artofwar-partial-page138 | image comparison (==)
REFTEST   IMAGE 1 (TEST)(816x1056x1): test_snapshots/win32/firefox/artofwar-partial/138.png
REFTEST   IMAGE 2 (REFERENCE)(816x1056x1): test_snapshots/win32/firefox/artofwar-partial/138_ref.png
REFTEST TEST-UNEXPECTED-FAIL | firefox-artofwar-partial-page139 | image comparison (==)
REFTEST   IMAGE 1 (TEST)(816x1056x1): test_snapshots/win32/firefox/artofwar-partial/139.png
REFTEST   IMAGE 2 (REFERENCE)(816x1056x1): test_snapshots/win32/firefox/artofwar-partial/139_ref.png
REFTEST TEST-UNEXPECTED-FAIL | firefox-artofwar-partial-page140 | image comparison (==)
REFTEST   IMAGE 1 (TEST)(816x1056x1): test_snapshots/win32/firefox/artofwar-partial/140.png
REFTEST   IMAGE 2 (REFERENCE)(816x1056x1): test_snapshots/win32/firefox/artofwar-partial/140_ref.png
REFTEST TEST-UNEXPECTED-FAIL | firefox-artofwar-partial-page141 | image comparison (==)
REFTEST   IMAGE 1 (TEST)(816x1056x1): test_snapshots/win32/firefox/artofwar-partial/141.png
REFTEST   IMAGE 2 (REFERENCE)(816x1056x1): test_snapshots/win32/firefox/artofwar-partial/141_ref.png
REFTEST TEST-UNEXPECTED-FAIL | firefox-artofwar-partial-page142 | image comparison (==)
REFTEST   IMAGE 1 (TEST)(816x1056x1): test_snapshots/win32/firefox/artofwar-partial/142.png
REFTEST   IMAGE 2 (REFERENCE)(816x1056x1): test_snapshots/win32/firefox/artofwar-partial/142_ref.png
REFTEST TEST-UNEXPECTED-FAIL | firefox-artofwar-partial-page143 | image comparison (==)
REFTEST   IMAGE 1 (TEST)(816x1056x1): test_snapshots/win32/firefox/artofwar-partial/143.png
REFTEST   IMAGE 2 (REFERENCE)(816x1056x1): test_snapshots/win32/firefox/artofwar-partial/143_ref.png
REFTEST TEST-UNEXPECTED-FAIL | firefox-artofwar-partial-page144 | image comparison (==)
REFTEST   IMAGE 1 (TEST)(816x1056x1): test_snapshots/win32/firefox/artofwar-partial/144.png
REFTEST   IMAGE 2 (REFERENCE)(816x1056x1): test_snapshots/win32/firefox/artofwar-partial/144_ref.png
REFTEST TEST-UNEXPECTED-FAIL | firefox-artofwar-partial-page145 | image comparison (==)
REFTEST   IMAGE 1 (TEST)(816x1056x1): test_snapshots/win32/firefox/artofwar-partial/145.png
REFTEST   IMAGE 2 (REFERENCE)(816x1056x1): test_snapshots/win32/firefox/artofwar-partial/145_ref.png
REFTEST TEST-UNEXPECTED-FAIL | firefox-artofwar-partial-page146 | image comparison (==)
REFTEST   IMAGE 1 (TEST)(816x1056x1): test_snapshots/win32/firefox/artofwar-partial/146.png
REFTEST   IMAGE 2 (REFERENCE)(816x1056x1): test_snapshots/win32/firefox/artofwar-partial/146_ref.png
REFTEST TEST-UNEXPECTED-FAIL | firefox-artofwar-partial-page147 | image comparison (==)
REFTEST   IMAGE 1 (TEST)(816x1056x1): test_snapshots/win32/firefox/artofwar-partial/147.png
REFTEST   IMAGE 2 (REFERENCE)(816x1056x1): test_snapshots/win32/firefox/artofwar-partial/147_ref.png
REFTEST TEST-UNEXPECTED-FAIL | firefox-artofwar-partial-page148 | image comparison (==)
REFTEST   IMAGE 1 (TEST)(816x1056x1): test_snapshots/win32/firefox/artofwar-partial/148.png
REFTEST   IMAGE 2 (REFERENCE)(816x1056x1): test_snapshots/win32/firefox/artofwar-partial/148_ref.png
REFTEST TEST-UNEXPECTED-FAIL | firefox-artofwar-partial-page149 | image comparison (==)
REFTEST   IMAGE 1 (TEST)(816x1056x1): test_snapshots/win32/firefox/artofwar-partial/149.png
REFTEST   IMAGE 2 (REFERENCE)(816x1056x1): test_snapshots/win32/firefox/artofwar-partial/149_ref.png
REFTEST TEST-UNEXPECTED-FAIL | firefox-artofwar-partial-page150 | image comparison (==)
REFTEST   IMAGE 1 (TEST)(816x1056x1): test_snapshots/win32/firefox/artofwar-partial/150.png
REFTEST   IMAGE 2 (REFERENCE)(816x1056x1): test_snapshots/win32/firefox/artofwar-partial/150_ref.png
REFTEST TEST-UNEXPECTED-FAIL | firefox-artofwar-partial-page151 | image comparison (==)
REFTEST   IMAGE 1 (TEST)(816x1056x1): test_snapshots/win32/firefox/artofwar-partial/151.png
REFTEST   IMAGE 2 (REFERENCE)(816x1056x1): test_snapshots/win32/firefox/artofwar-partial/151_ref.png
REFTEST TEST-UNEXPECTED-FAIL | firefox-artofwar-partial-page152 | image comparison (==)
REFTEST   IMAGE 1 (TEST)(816x1056x1): test_snapshots/win32/firefox/artofwar-partial/152.png
REFTEST   IMAGE 2 (REFERENCE)(816x1056x1): test_snapshots/win32/firefox/artofwar-partial/152_ref.png
REFTEST TEST-UNEXPECTED-FAIL | firefox-artofwar-partial-page153 | image comparison (==)
REFTEST   IMAGE 1 (TEST)(816x1056x1): test_snapshots/win32/firefox/artofwar-partial/153.png
REFTEST   IMAGE 2 (REFERENCE)(816x1056x1): test_snapshots/win32/firefox/artofwar-partial/153_ref.png
REFTEST TEST-UNEXPECTED-FAIL | firefox-artofwar-partial-page154 | image comparison (==)
REFTEST   IMAGE 1 (TEST)(816x1056x1): test_snapshots/win32/firefox/artofwar-partial/154.png
REFTEST   IMAGE 2 (REFERENCE)(816x1056x1): test_snapshots/win32/firefox/artofwar-partial/154_ref.png
REFTEST TEST-UNEXPECTED-FAIL | firefox-artofwar-partial-page155 | image comparison (==)
REFTEST   IMAGE 1 (TEST)(816x1056x1): test_snapshots/win32/firefox/artofwar-partial/155.png
REFTEST   IMAGE 2 (REFERENCE)(816x1056x1): test_snapshots/win32/firefox/artofwar-partial/155_ref.png
REFTEST TEST-UNEXPECTED-FAIL | firefox-artofwar-partial-page156 | image comparison (==)
REFTEST   IMAGE 1 (TEST)(816x1056x1): test_snapshots/win32/firefox/artofwar-partial/156.png
REFTEST   IMAGE 2 (REFERENCE)(816x1056x1): test_snapshots/win32/firefox/artofwar-partial/156_ref.png
REFTEST TEST-UNEXPECTED-FAIL | firefox-artofwar-partial-page157 | image comparison (==)
REFTEST   IMAGE 1 (TEST)(816x1056x1): test_snapshots/win32/firefox/artofwar-partial/157.png
REFTEST   IMAGE 2 (REFERENCE)(816x1056x1): test_snapshots/win32/firefox/artofwar-partial/157_ref.png
REFTEST TEST-UNEXPECTED-FAIL | firefox-artofwar-partial-page158 | image comparison (==)
REFTEST   IMAGE 1 (TEST)(816x1056x1): test_snapshots/win32/firefox/artofwar-partial/158.png
REFTEST   IMAGE 2 (REFERENCE)(816x1056x1): test_snapshots/win32/firefox/artofwar-partial/158_ref.png
REFTEST TEST-UNEXPECTED-FAIL | firefox-artofwar-partial-page159 | image comparison (==)
REFTEST   IMAGE 1 (TEST)(816x1056x1): test_snapshots/win32/firefox/artofwar-partial/159.png
REFTEST   IMAGE 2 (REFERENCE)(816x1056x1): test_snapshots/win32/firefox/artofwar-partial/159_ref.png
REFTEST TEST-UNEXPECTED-FAIL | firefox-artofwar-partial-page160 | image comparison (==)
REFTEST   IMAGE 1 (TEST)(816x1056x1): test_snapshots/win32/firefox/artofwar-partial/160.png
REFTEST   IMAGE 2 (REFERENCE)(816x1056x1): test_snapshots/win32/firefox/artofwar-partial/160_ref.png
REFTEST TEST-UNEXPECTED-FAIL | firefox-issue5470-page1 | image comparison (==)
REFTEST   IMAGE 1 (TEST)(266x66x1): test_snapshots/win32/firefox/issue5470/1.png
REFTEST   IMAGE 2 (REFERENCE)(266x66x1): test_snapshots/win32/firefox/issue5470/1_ref.png
REFTEST TEST-UNEXPECTED-FAIL | firefox-xfa_bug1718735-page1 | image comparison (==)
REFTEST   IMAGE 1 (TEST)(816x1056x1): test_snapshots/win32/firefox/xfa_bug1718735/1.png
REFTEST   IMAGE 2 (REFERENCE)(816x1056x1): test_snapshots/win32/firefox/xfa_bug1718735/1_ref.png
REFTEST TEST-UNEXPECTED-FAIL | firefox-xfa_bug1718735-page2 | image comparison (==)
REFTEST   IMAGE 1 (TEST)(816x1056x1): test_snapshots/win32/firefox/xfa_bug1718735/2.png
REFTEST   IMAGE 2 (REFERENCE)(816x1056x1): test_snapshots/win32/firefox/xfa_bug1718735/2_ref.png
REFTEST TEST-UNEXPECTED-FAIL | firefox-xfa_bug1718735-page3 | image comparison (==)
REFTEST   IMAGE 1 (TEST)(816x1056x1): test_snapshots/win32/firefox/xfa_bug1718735/3.png
REFTEST   IMAGE 2 (REFERENCE)(816x1056x1): test_snapshots/win32/firefox/xfa_bug1718735/3_ref.png
REFTEST TEST-UNEXPECTED-FAIL | firefox-xfa_bug1718735-page4 | image comparison (==)
REFTEST   IMAGE 1 (TEST)(816x1056x1): test_snapshots/win32/firefox/xfa_bug1718735/4.png
REFTEST   IMAGE 2 (REFERENCE)(816x1056x1): test_snapshots/win32/firefox/xfa_bug1718735/4_ref.png
REFTEST TEST-UNEXPECTED-FAIL | firefox-xfa_bug1718735-page5 | image comparison (==)
REFTEST   IMAGE 1 (TEST)(816x1056x1): test_snapshots/win32/firefox/xfa_bug1718735/5.png
REFTEST   IMAGE 2 (REFERENCE)(816x1056x1): test_snapshots/win32/firefox/xfa_bug1718735/5_ref.png
REFTEST TEST-UNEXPECTED-FAIL | firefox-xfa_bug1718735-page6 | image comparison (==)
REFTEST   IMAGE 1 (TEST)(816x1056x1): test_snapshots/win32/firefox/xfa_bug1718735/6.png
REFTEST   IMAGE 2 (REFERENCE)(816x1056x1): test_snapshots/win32/firefox/xfa_bug1718735/6_ref.png
REFTEST TEST-UNEXPECTED-FAIL | firefox-xfa_bug1718735-page7 | image comparison (==)
REFTEST   IMAGE 1 (TEST)(816x1056x1): test_snapshots/win32/firefox/xfa_bug1718735/7.png
REFTEST   IMAGE 2 (REFERENCE)(816x1056x1): test_snapshots/win32/firefox/xfa_bug1718735/7_ref.png
REFTEST TEST-UNEXPECTED-FAIL | firefox-xfa_bug1718735-page8 | image comparison (==)
REFTEST   IMAGE 1 (TEST)(816x1056x1): test_snapshots/win32/firefox/xfa_bug1718735/8.png
REFTEST   IMAGE 2 (REFERENCE)(816x1056x1): test_snapshots/win32/firefox/xfa_bug1718735/8_ref.png
REFTEST TEST-UNEXPECTED-FAIL | firefox-xfa_bug1718735-page9 | image comparison (==)
REFTEST   IMAGE 1 (TEST)(816x1056x1): test_snapshots/win32/firefox/xfa_bug1718735/9.png
REFTEST   IMAGE 2 (REFERENCE)(816x1056x1): test_snapshots/win32/firefox/xfa_bug1718735/9_ref.png
REFTEST TEST-UNEXPECTED-FAIL | firefox-xfa_bug1718735-page10 | image comparison (==)
REFTEST   IMAGE 1 (TEST)(816x1056x1): test_snapshots/win32/firefox/xfa_bug1718735/10.png
REFTEST   IMAGE 2 (REFERENCE)(816x1056x1): test_snapshots/win32/firefox/xfa_bug1718735/10_ref.png
REFTEST TEST-UNEXPECTED-FAIL | firefox-xfa_bug1718740-page1 | image comparison (==)
REFTEST   IMAGE 1 (TEST)(1121x793x1): test_snapshots/win32/firefox/xfa_bug1718740/1.png
REFTEST   IMAGE 2 (REFERENCE)(1121x793x1): test_snapshots/win32/firefox/xfa_bug1718740/1_ref.png
REFTEST TEST-UNEXPECTED-FAIL | firefox-xfa_bug1718740-page2 | image comparison (==)
REFTEST   IMAGE 1 (TEST)(1121x793x1): test_snapshots/win32/firefox/xfa_bug1718740/2.png
REFTEST   IMAGE 2 (REFERENCE)(1121x793x1): test_snapshots/win32/firefox/xfa_bug1718740/2_ref.png
REFTEST TEST-UNEXPECTED-FAIL | firefox-xfa_bug1718740-page3 | image comparison (==)
REFTEST   IMAGE 1 (TEST)(1121x793x1): test_snapshots/win32/firefox/xfa_bug1718740/3.png
REFTEST   IMAGE 2 (REFERENCE)(1121x793x1): test_snapshots/win32/firefox/xfa_bug1718740/3_ref.png
REFTEST TEST-UNEXPECTED-FAIL | firefox-xfa_bug1718740-page4 | image comparison (==)
REFTEST   IMAGE 1 (TEST)(1121x793x1): test_snapshots/win32/firefox/xfa_bug1718740/4.png
REFTEST   IMAGE 2 (REFERENCE)(1121x793x1): test_snapshots/win32/firefox/xfa_bug1718740/4_ref.png
REFTEST TEST-UNEXPECTED-FAIL | firefox-xfa_bug1718740-page5 | image comparison (==)
REFTEST   IMAGE 1 (TEST)(1121x793x1): test_snapshots/win32/firefox/xfa_bug1718740/5.png
REFTEST   IMAGE 2 (REFERENCE)(1121x793x1): test_snapshots/win32/firefox/xfa_bug1718740/5_ref.png
REFTEST TEST-UNEXPECTED-FAIL | firefox-xfa_bug1718740-page6 | image comparison (==)
REFTEST   IMAGE 1 (TEST)(1121x793x1): test_snapshots/win32/firefox/xfa_bug1718740/6.png
REFTEST   IMAGE 2 (REFERENCE)(1121x793x1): test_snapshots/win32/firefox/xfa_bug1718740/6_ref.png
REFTEST TEST-UNEXPECTED-FAIL | firefox-xfa_bug1718740-page7 | image comparison (==)
REFTEST   IMAGE 1 (TEST)(1121x793x1): test_snapshots/win32/firefox/xfa_bug1718740/7.png
REFTEST   IMAGE 2 (REFERENCE)(1121x793x1): test_snapshots/win32/firefox/xfa_bug1718740/7_ref.png
REFTEST TEST-UNEXPECTED-FAIL | firefox-xfa_bug1718740-page8 | image comparison (==)
REFTEST   IMAGE 1 (TEST)(1121x793x1): test_snapshots/win32/firefox/xfa_bug1718740/8.png
REFTEST   IMAGE 2 (REFERENCE)(1121x793x1): test_snapshots/win32/firefox/xfa_bug1718740/8_ref.png
REFTEST TEST-UNEXPECTED-FAIL | firefox-xfa_bug1718740-page9 | image comparison (==)
REFTEST   IMAGE 1 (TEST)(1121x793x1): test_snapshots/win32/firefox/xfa_bug1718740/9.png
REFTEST   IMAGE 2 (REFERENCE)(1121x793x1): test_snapshots/win32/firefox/xfa_bug1718740/9_ref.png
REFTEST TEST-UNEXPECTED-FAIL | firefox-xfa_bug1718740-page10 | image comparison (==)
REFTEST   IMAGE 1 (TEST)(1121x793x1): test_snapshots/win32/firefox/xfa_bug1718740/10.png
REFTEST   IMAGE 2 (REFERENCE)(1121x793x1): test_snapshots/win32/firefox/xfa_bug1718740/10_ref.png
REFTEST TEST-UNEXPECTED-FAIL | firefox-xfa_bug1718740-page11 | image comparison (==)
REFTEST   IMAGE 1 (TEST)(1121x793x1): test_snapshots/win32/firefox/xfa_bug1718740/11.png
REFTEST   IMAGE 2 (REFERENCE)(1121x793x1): test_snapshots/win32/firefox/xfa_bug1718740/11_ref.png
REFTEST TEST-UNEXPECTED-FAIL | firefox-xfa_bug1718740-page12 | image comparison (==)
REFTEST   IMAGE 1 (TEST)(1121x793x1): test_snapshots/win32/firefox/xfa_bug1718740/12.png
REFTEST   IMAGE 2 (REFERENCE)(1121x793x1): test_snapshots/win32/firefox/xfa_bug1718740/12_ref.png
REFTEST TEST-UNEXPECTED-FAIL | firefox-xfa_bug1718740-page14 | image comparison (==)
REFTEST   IMAGE 1 (TEST)(1121x793x1): test_snapshots/win32/firefox/xfa_bug1718740/14.png
REFTEST   IMAGE 2 (REFERENCE)(1121x793x1): test_snapshots/win32/firefox/xfa_bug1718740/14_ref.png
REFTEST TEST-UNEXPECTED-FAIL | firefox-xfa_bug1718740-page15 | image comparison (==)
REFTEST   IMAGE 1 (TEST)(1121x793x1): test_snapshots/win32/firefox/xfa_bug1718740/15.png
REFTEST   IMAGE 2 (REFERENCE)(1121x793x1): test_snapshots/win32/firefox/xfa_bug1718740/15_ref.png
REFTEST TEST-UNEXPECTED-FAIL | firefox-xfa_bug1718740-page16 | image comparison (==)
REFTEST   IMAGE 1 (TEST)(1121x793x1): test_snapshots/win32/firefox/xfa_bug1718740/16.png
REFTEST   IMAGE 2 (REFERENCE)(1121x793x1): test_snapshots/win32/firefox/xfa_bug1718740/16_ref.png
REFTEST TEST-UNEXPECTED-FAIL | firefox-xfa_bug1718740-page18 | image comparison (==)
REFTEST   IMAGE 1 (TEST)(1121x793x1): test_snapshots/win32/firefox/xfa_bug1718740/18.png
REFTEST   IMAGE 2 (REFERENCE)(1121x793x1): test_snapshots/win32/firefox/xfa_bug1718740/18_ref.png
REFTEST TEST-UNEXPECTED-FAIL | firefox-xfa_bug1718740-page19 | image comparison (==)
REFTEST   IMAGE 1 (TEST)(1121x793x1): test_snapshots/win32/firefox/xfa_bug1718740/19.png
REFTEST   IMAGE 2 (REFERENCE)(1121x793x1): test_snapshots/win32/firefox/xfa_bug1718740/19_ref.png
REFTEST TEST-UNEXPECTED-FAIL | firefox-xfa_bug1718740-page20 | image comparison (==)
REFTEST   IMAGE 1 (TEST)(1121x793x1): test_snapshots/win32/firefox/xfa_bug1718740/20.png
REFTEST   IMAGE 2 (REFERENCE)(1121x793x1): test_snapshots/win32/firefox/xfa_bug1718740/20_ref.png
REFTEST TEST-UNEXPECTED-FAIL | firefox-xfa_bug1718740-page21 | image comparison (==)
REFTEST   IMAGE 1 (TEST)(1121x793x1): test_snapshots/win32/firefox/xfa_bug1718740/21.png
REFTEST   IMAGE 2 (REFERENCE)(1121x793x1): test_snapshots/win32/firefox/xfa_bug1718740/21_ref.png
REFTEST TEST-UNEXPECTED-FAIL | firefox-xfa_bug1718740-page22 | image comparison (==)
REFTEST   IMAGE 1 (TEST)(1121x793x1): test_snapshots/win32/firefox/xfa_bug1718740/22.png
REFTEST   IMAGE 2 (REFERENCE)(1121x793x1): test_snapshots/win32/firefox/xfa_bug1718740/22_ref.png
REFTEST TEST-UNEXPECTED-FAIL | firefox-xfa_bug1718740-page24 | image comparison (==)
REFTEST   IMAGE 1 (TEST)(1121x793x1): test_snapshots/win32/firefox/xfa_bug1718740/24.png
REFTEST   IMAGE 2 (REFERENCE)(1121x793x1): test_snapshots/win32/firefox/xfa_bug1718740/24_ref.png
REFTEST TEST-UNEXPECTED-FAIL | firefox-xfa_bug1718740-page25 | image comparison (==)
REFTEST   IMAGE 1 (TEST)(1121x793x1): test_snapshots/win32/firefox/xfa_bug1718740/25.png
REFTEST   IMAGE 2 (REFERENCE)(1121x793x1): test_snapshots/win32/firefox/xfa_bug1718740/25_ref.png
REFTEST TEST-UNEXPECTED-FAIL | firefox-xfa_bug1718740-page26 | image comparison (==)
REFTEST   IMAGE 1 (TEST)(1121x793x1): test_snapshots/win32/firefox/xfa_bug1718740/26.png
REFTEST   IMAGE 2 (REFERENCE)(1121x793x1): test_snapshots/win32/firefox/xfa_bug1718740/26_ref.png
REFTEST TEST-UNEXPECTED-FAIL | firefox-xfa_bug1718740-page27 | image comparison (==)
REFTEST   IMAGE 1 (TEST)(1121x793x1): test_snapshots/win32/firefox/xfa_bug1718740/27.png
REFTEST   IMAGE 2 (REFERENCE)(1121x793x1): test_snapshots/win32/firefox/xfa_bug1718740/27_ref.png
REFTEST TEST-UNEXPECTED-FAIL | firefox-xfa_bug1718740-page32 | image comparison (==)
REFTEST   IMAGE 1 (TEST)(1121x793x1): test_snapshots/win32/firefox/xfa_bug1718740/32.png
REFTEST   IMAGE 2 (REFERENCE)(1121x793x1): test_snapshots/win32/firefox/xfa_bug1718740/32_ref.png
REFTEST TEST-UNEXPECTED-FAIL | firefox-xfa_bug1718740-page33 | image comparison (==)
REFTEST   IMAGE 1 (TEST)(1121x793x1): test_snapshots/win32/firefox/xfa_bug1718740/33.png
REFTEST   IMAGE 2 (REFERENCE)(1121x793x1): test_snapshots/win32/firefox/xfa_bug1718740/33_ref.png
REFTEST TEST-UNEXPECTED-FAIL | firefox-xfa_candidate_petitions-page1 | image comparison (==)
REFTEST   IMAGE 1 (TEST)(816x1056x1): test_snapshots/win32/firefox/xfa_candidate_petitions/1.png
REFTEST   IMAGE 2 (REFERENCE)(816x1056x1): test_snapshots/win32/firefox/xfa_candidate_petitions/1_ref.png
REFTEST TEST-UNEXPECTED-FAIL | firefox-issue9195-page1 | image comparison (==)
REFTEST   IMAGE 1 (TEST)(840x1188x1): test_snapshots/win32/firefox/issue9195/1.png
REFTEST   IMAGE 2 (REFERENCE)(840x1188x1): test_snapshots/win32/firefox/issue9195/1_ref.png
REFTEST TEST-UNEXPECTED-FAIL | firefox-issue18973-page45 | image comparison (==)
REFTEST   IMAGE 1 (TEST)(816x1056x1): test_snapshots/win32/firefox/issue18973/45.png
REFTEST   IMAGE 2 (REFERENCE)(816x1056x1): test_snapshots/win32/firefox/issue18973/45_ref.png
REFTEST TEST-UNEXPECTED-FAIL | firefox-issue17981-page1 | image comparison (==)
REFTEST   IMAGE 1 (TEST)(3178x2245x1): test_snapshots/win32/firefox/issue17981/1.png
REFTEST   IMAGE 2 (REFERENCE)(3178x2245x1): test_snapshots/win32/firefox/issue17981/1_ref.png
REFTEST TEST-UNEXPECTED-FAIL | firefox-issue9462-page3 | image comparison (==)
REFTEST   IMAGE 1 (TEST)(816x1056x1): test_snapshots/win32/firefox/issue9462/3.png
REFTEST   IMAGE 2 (REFERENCE)(816x1056x1): test_snapshots/win32/firefox/issue9462/3_ref.png
REFTEST TEST-UNEXPECTED-FAIL | firefox-issue7303-page2 | image comparison (==)
REFTEST   IMAGE 1 (TEST)(816x1056x1): test_snapshots/win32/firefox/issue7303/2.png
REFTEST   IMAGE 2 (REFERENCE)(816x1056x1): test_snapshots/win32/firefox/issue7303/2_ref.png
REFTEST TEST-UNEXPECTED-FAIL | firefox-issue18059-text-page1 | image comparison (==)
REFTEST   IMAGE 1 (TEST)(793x1122x1): test_snapshots/win32/firefox/issue18059-text/1.png
REFTEST   IMAGE 2 (REFERENCE)(793x1122x1): test_snapshots/win32/firefox/issue18059-text/1_ref.png
REFTEST TEST-UNEXPECTED-FAIL | firefox-bpl13210-page5 | image comparison (==)
REFTEST   IMAGE 1 (TEST)(624x864x1): test_snapshots/win32/firefox/bpl13210/5.png
REFTEST   IMAGE 2 (REFERENCE)(624x864x1): test_snapshots/win32/firefox/bpl13210/5_ref.png
REFTEST TEST-UNEXPECTED-FAIL | firefox-issue11915-page1 | image comparison (==)
REFTEST   IMAGE 1 (TEST)(1152x1085x1): test_snapshots/win32/firefox/issue11915/1.png
REFTEST   IMAGE 2 (REFERENCE)(1152x1085x1): test_snapshots/win32/firefox/issue11915/1_ref.png
REFTEST TEST-UNEXPECTED-FAIL | firefox-issue15910-page1 | image comparison (==)
REFTEST   IMAGE 1 (TEST)(793x1122x1): test_snapshots/win32/firefox/issue15910/1.png
REFTEST   IMAGE 2 (REFERENCE)(793x1122x1): test_snapshots/win32/firefox/issue15910/1_ref.png
REFTEST TEST-UNEXPECTED-FAIL | firefox-issue1127-page1 | image comparison (==)
REFTEST   IMAGE 1 (TEST)(793x1122x1): test_snapshots/win32/firefox/issue1127/1.png
REFTEST   IMAGE 2 (REFERENCE)(793x1122x1): test_snapshots/win32/firefox/issue1127/1_ref.png
REFTEST TEST-UNEXPECTED-FAIL | firefox-issue15719-page1 | image comparison (==)
REFTEST   IMAGE 1 (TEST)(801x1133x1): test_snapshots/win32/firefox/issue15719/1.png
REFTEST   IMAGE 2 (REFERENCE)(801x1133x1): test_snapshots/win32/firefox/issue15719/1_ref.png
REFTEST TEST-UNEXPECTED-FAIL | firefox-issue5244-page1 | image comparison (==)
REFTEST   IMAGE 1 (TEST)(266x66x1): test_snapshots/win32/firefox/issue5244/1.png
REFTEST   IMAGE 2 (REFERENCE)(266x66x1): test_snapshots/win32/firefox/issue5244/1_ref.png
REFTEST TEST-UNEXPECTED-FAIL | firefox-issue14821-page1 | image comparison (==)
REFTEST   IMAGE 1 (TEST)(794x1123x1): test_snapshots/win32/firefox/issue14821/1.png
REFTEST   IMAGE 2 (REFERENCE)(794x1123x1): test_snapshots/win32/firefox/issue14821/1_ref.png
REFTEST TEST-UNEXPECTED-FAIL | firefox-preistabelle-page1 | image comparison (==)
REFTEST   IMAGE 1 (TEST)(793x1122x1): test_snapshots/win32/firefox/preistabelle/1.png
REFTEST   IMAGE 2 (REFERENCE)(793x1122x1): test_snapshots/win32/firefox/preistabelle/1_ref.png
REFTEST TEST-UNEXPECTED-FAIL | firefox-preistabelle-page2 | image comparison (==)
REFTEST   IMAGE 1 (TEST)(793x1122x1): test_snapshots/win32/firefox/preistabelle/2.png
REFTEST   IMAGE 2 (REFERENCE)(793x1122x1): test_snapshots/win32/firefox/preistabelle/2_ref.png
REFTEST TEST-UNEXPECTED-FAIL | firefox-issue1466-page1 | image comparison (==)
REFTEST   IMAGE 1 (TEST)(816x1056x1): test_snapshots/win32/firefox/issue1466/1.png
REFTEST   IMAGE 2 (REFERENCE)(816x1056x1): test_snapshots/win32/firefox/issue1466/1_ref.png
REFTEST TEST-UNEXPECTED-FAIL | firefox-issue1466-page2 | image comparison (==)
REFTEST   IMAGE 1 (TEST)(816x1056x1): test_snapshots/win32/firefox/issue1466/2.png
REFTEST   IMAGE 2 (REFERENCE)(816x1056x1): test_snapshots/win32/firefox/issue1466/2_ref.png
REFTEST TEST-UNEXPECTED-FAIL | firefox-issue1466-page3 | image comparison (==)
REFTEST   IMAGE 1 (TEST)(816x1056x1): test_snapshots/win32/firefox/issue1466/3.png
REFTEST   IMAGE 2 (REFERENCE)(816x1056x1): test_snapshots/win32/firefox/issue1466/3_ref.png
REFTEST TEST-UNEXPECTED-FAIL | firefox-issue1466-page4 | image comparison (==)
REFTEST   IMAGE 1 (TEST)(816x1056x1): test_snapshots/win32/firefox/issue1466/4.png
REFTEST   IMAGE 2 (REFERENCE)(816x1056x1): test_snapshots/win32/firefox/issue1466/4_ref.png
REFTEST TEST-UNEXPECTED-FAIL | firefox-issue1466-page5 | image comparison (==)
REFTEST   IMAGE 1 (TEST)(816x1056x1): test_snapshots/win32/firefox/issue1466/5.png
REFTEST   IMAGE 2 (REFERENCE)(816x1056x1): test_snapshots/win32/firefox/issue1466/5_ref.png
REFTEST TEST-UNEXPECTED-FAIL | firefox-issue1466-page6 | image comparison (==)
REFTEST   IMAGE 1 (TEST)(816x1056x1): test_snapshots/win32/firefox/issue1466/6.png
REFTEST   IMAGE 2 (REFERENCE)(816x1056x1): test_snapshots/win32/firefox/issue1466/6_ref.png
REFTEST TEST-UNEXPECTED-FAIL | firefox-issue1466-page7 | image comparison (==)
REFTEST   IMAGE 1 (TEST)(816x1056x1): test_snapshots/win32/firefox/issue1466/7.png
REFTEST   IMAGE 2 (REFERENCE)(816x1056x1): test_snapshots/win32/firefox/issue1466/7_ref.png
REFTEST TEST-UNEXPECTED-FAIL | firefox-issue1466-page8 | image comparison (==)
REFTEST   IMAGE 1 (TEST)(816x1056x1): test_snapshots/win32/firefox/issue1466/8.png
REFTEST   IMAGE 2 (REFERENCE)(816x1056x1): test_snapshots/win32/firefox/issue1466/8_ref.png
REFTEST TEST-UNEXPECTED-FAIL | firefox-issue1466-page9 | image comparison (==)
REFTEST   IMAGE 1 (TEST)(816x1056x1): test_snapshots/win32/firefox/issue1466/9.png
REFTEST   IMAGE 2 (REFERENCE)(816x1056x1): test_snapshots/win32/firefox/issue1466/9_ref.png
REFTEST TEST-UNEXPECTED-FAIL | firefox-issue1257-page1 | image comparison (==)
REFTEST   IMAGE 1 (TEST)(816x1056x1): test_snapshots/win32/firefox/issue1257/1.png
REFTEST   IMAGE 2 (REFERENCE)(816x1056x1): test_snapshots/win32/firefox/issue1257/1_ref.png
REFTEST TEST-UNEXPECTED-FAIL | firefox-issue18122-page1 | image comparison (==)
REFTEST   IMAGE 1 (TEST)(793x1122x1): test_snapshots/win32/firefox/issue18122/1.png
REFTEST   IMAGE 2 (REFERENCE)(793x1122x1): test_snapshots/win32/firefox/issue18122/1_ref.png
REFTEST TEST-UNEXPECTED-FAIL | firefox-bug1898802-partial-page1 | image comparison (==)
REFTEST   IMAGE 1 (TEST)(1588x1122x1): test_snapshots/win32/firefox/bug1898802-partial/1.png
REFTEST   IMAGE 2 (REFERENCE)(1588x1122x1): test_snapshots/win32/firefox/bug1898802-partial/1_ref.png
REFTEST TEST-UNEXPECTED-FAIL | firefox-issue15044-page1 | image comparison (==)
REFTEST   IMAGE 1 (TEST)(793x1122x1): test_snapshots/win32/firefox/issue15044/1.png
REFTEST   IMAGE 2 (REFERENCE)(793x1122x1): test_snapshots/win32/firefox/issue15044/1_ref.png
REFTEST TEST-UNEXPECTED-FAIL | firefox-mao-text-page1 | image comparison (==)
REFTEST   IMAGE 1 (TEST)(793x1122x1): test_snapshots/win32/firefox/mao-text/1.png
REFTEST   IMAGE 2 (REFERENCE)(793x1122x1): test_snapshots/win32/firefox/mao-text/1_ref.png
REFTEST TEST-UNEXPECTED-FAIL | firefox-issue3064-text-page1 | image comparison (==)
REFTEST   IMAGE 1 (TEST)(793x1122x1): test_snapshots/win32/firefox/issue3064-text/1.png
REFTEST   IMAGE 2 (REFERENCE)(793x1122x1): test_snapshots/win32/firefox/issue3064-text/1_ref.png
REFTEST TEST-UNEXPECTED-FAIL | firefox-p020121130574743273239-page1 | image comparison (==)
REFTEST   IMAGE 1 (TEST)(1586x1121x1): test_snapshots/win32/firefox/p020121130574743273239/1.png
REFTEST   IMAGE 2 (REFERENCE)(1586x1121x1): test_snapshots/win32/firefox/p020121130574743273239/1_ref.png
REFTEST TEST-UNEXPECTED-FAIL | firefox-calrgb-page1 | image comparison (==)
REFTEST   IMAGE 1 (TEST)(1133x1466x1): test_snapshots/win32/firefox/calrgb/1.png
REFTEST   IMAGE 2 (REFERENCE)(1133x1466x1): test_snapshots/win32/firefox/calrgb/1_ref.png
REFTEST TEST-UNEXPECTED-FAIL | firefox-calrgb-page2 | image comparison (==)
REFTEST   IMAGE 1 (TEST)(1133x1466x1): test_snapshots/win32/firefox/calrgb/2.png
REFTEST   IMAGE 2 (REFERENCE)(1133x1466x1): test_snapshots/win32/firefox/calrgb/2_ref.png
REFTEST TEST-UNEXPECTED-FAIL | firefox-calrgb-page3 | image comparison (==)
REFTEST   IMAGE 1 (TEST)(1133x1466x1): test_snapshots/win32/firefox/calrgb/3.png
REFTEST   IMAGE 2 (REFERENCE)(1133x1466x1): test_snapshots/win32/firefox/calrgb/3_ref.png
REFTEST TEST-UNEXPECTED-FAIL | firefox-calrgb-page4 | image comparison (==)
REFTEST   IMAGE 1 (TEST)(1133x1466x1): test_snapshots/win32/firefox/calrgb/4.png
REFTEST   IMAGE 2 (REFERENCE)(1133x1466x1): test_snapshots/win32/firefox/calrgb/4_ref.png
REFTEST TEST-UNEXPECTED-FAIL | firefox-calrgb-page5 | image comparison (==)
REFTEST   IMAGE 1 (TEST)(1133x1466x1): test_snapshots/win32/firefox/calrgb/5.png
REFTEST   IMAGE 2 (REFERENCE)(1133x1466x1): test_snapshots/win32/firefox/calrgb/5_ref.png
REFTEST TEST-UNEXPECTED-FAIL | firefox-calrgb-page6 | image comparison (==)
REFTEST   IMAGE 1 (TEST)(1133x1466x1): test_snapshots/win32/firefox/calrgb/6.png
REFTEST   IMAGE 2 (REFERENCE)(1133x1466x1): test_snapshots/win32/firefox/calrgb/6_ref.png
REFTEST TEST-UNEXPECTED-FAIL | firefox-calrgb-page7 | image comparison (==)
REFTEST   IMAGE 1 (TEST)(1133x1466x1): test_snapshots/win32/firefox/calrgb/7.png
REFTEST   IMAGE 2 (REFERENCE)(1133x1466x1): test_snapshots/win32/firefox/calrgb/7_ref.png
REFTEST TEST-UNEXPECTED-FAIL | firefox-calrgb-page8 | image comparison (==)
REFTEST   IMAGE 1 (TEST)(1133x1466x1): test_snapshots/win32/firefox/calrgb/8.png
REFTEST   IMAGE 2 (REFERENCE)(1133x1466x1): test_snapshots/win32/firefox/calrgb/8_ref.png
REFTEST TEST-UNEXPECTED-FAIL | firefox-issue16454-page1 | image comparison (==)
REFTEST   IMAGE 1 (TEST)(1632x1056x1): test_snapshots/win32/firefox/issue16454/1.png
REFTEST   IMAGE 2 (REFERENCE)(1632x1056x1): test_snapshots/win32/firefox/issue16454/1_ref.png
REFTEST TEST-UNEXPECTED-FAIL | firefox-issue12233-forms-page1 | image comparison (==)
REFTEST   IMAGE 1 (TEST)(793x1122x1): test_snapshots/win32/firefox/issue12233-forms/1.png
REFTEST   IMAGE 2 (REFERENCE)(793x1122x1): test_snapshots/win32/firefox/issue12233-forms/1_ref.png
REFTEST TEST-UNEXPECTED-FAIL | firefox-issue6931-page1 | image comparison (==)
REFTEST   IMAGE 1 (TEST)(816x1056x1): test_snapshots/win32/firefox/issue6931/1.png
REFTEST   IMAGE 2 (REFERENCE)(816x1056x1): test_snapshots/win32/firefox/issue6931/1_ref.png
REFTEST TEST-UNEXPECTED-FAIL | firefox-issue14105-page1 | image comparison (==)
REFTEST   IMAGE 1 (TEST)(793x1122x1): test_snapshots/win32/firefox/issue14105/1.png
REFTEST   IMAGE 2 (REFERENCE)(793x1122x1): test_snapshots/win32/firefox/issue14105/1_ref.png
REFTEST TEST-UNEXPECTED-FAIL | firefox-freetexts-editor-save-page1 | image comparison (==)
REFTEST   IMAGE 1 (TEST)(816x1056x1): test_snapshots/win32/firefox/freetexts-editor-save/1.png
REFTEST   IMAGE 2 (REFERENCE)(816x1056x1): test_snapshots/win32/firefox/freetexts-editor-save/1_ref.png
REFTEST TEST-UNEXPECTED-FAIL | firefox-bug1851498-page1 | image comparison (==)
REFTEST   IMAGE 1 (TEST)(816x1056x1): test_snapshots/win32/firefox/bug1851498/1.png
REFTEST   IMAGE 2 (REFERENCE)(816x1056x1): test_snapshots/win32/firefox/bug1851498/1_ref.png
REFTEST TEST-UNEXPECTED-FAIL | firefox-bug1864136-forms-page2 | image comparison (==)
REFTEST   IMAGE 1 (TEST)(793x1122x1): test_snapshots/win32/firefox/bug1864136-forms/2.png
REFTEST   IMAGE 2 (REFERENCE)(793x1122x1): test_snapshots/win32/firefox/bug1864136-forms/2_ref.png
REFTEST TEST-UNEXPECTED-FAIL | firefox-issue17906-page1 | image comparison (==)
REFTEST   IMAGE 1 (TEST)(1056x816x1): test_snapshots/win32/firefox/issue17906/1.png
REFTEST   IMAGE 2 (REFERENCE)(1056x816x1): test_snapshots/win32/firefox/issue17906/1_ref.png
REFTEST TEST-UNEXPECTED-FAIL | firefox-nonisolated_blend_smask-page1 | image comparison (==)
REFTEST   IMAGE 1 (TEST)(426x320x1): test_snapshots/win32/firefox/nonisolated_blend_smask/1.png
REFTEST   IMAGE 2 (REFERENCE)(426x320x1): test_snapshots/win32/firefox/nonisolated_blend_smask/1_ref.png
REFTEST TEST-UNEXPECTED-FAIL | firefox-issue16432-page1 | image comparison (==)
REFTEST   IMAGE 1 (TEST)(816x1056x1): test_snapshots/win32/firefox/issue16432/1.png
REFTEST   IMAGE 2 (REFERENCE)(816x1056x1): test_snapshots/win32/firefox/issue16432/1_ref.png
REFTEST TEST-UNEXPECTED-FAIL | firefox-tracemonkey-text-page1 | image comparison (==)
REFTEST   IMAGE 1 (TEST)(816x1056x1): test_snapshots/win32/firefox/tracemonkey-text/1.png
REFTEST   IMAGE 2 (REFERENCE)(816x1056x1): test_snapshots/win32/firefox/tracemonkey-text/1_ref.png
REFTEST TEST-UNEXPECTED-FAIL | firefox-tracemonkey-text-page2 | image comparison (==)
REFTEST   IMAGE 1 (TEST)(816x1056x1): test_snapshots/win32/firefox/tracemonkey-text/2.png
REFTEST   IMAGE 2 (REFERENCE)(816x1056x1): test_snapshots/win32/firefox/tracemonkey-text/2_ref.png
REFTEST TEST-UNEXPECTED-FAIL | firefox-tracemonkey-text-page3 | image comparison (==)
REFTEST   IMAGE 1 (TEST)(816x1056x1): test_snapshots/win32/firefox/tracemonkey-text/3.png
REFTEST   IMAGE 2 (REFERENCE)(816x1056x1): test_snapshots/win32/firefox/tracemonkey-text/3_ref.png
REFTEST TEST-UNEXPECTED-FAIL | firefox-tracemonkey-text-page4 | image comparison (==)
REFTEST   IMAGE 1 (TEST)(816x1056x1): test_snapshots/win32/firefox/tracemonkey-text/4.png
REFTEST   IMAGE 2 (REFERENCE)(816x1056x1): test_snapshots/win32/firefox/tracemonkey-text/4_ref.png
REFTEST TEST-UNEXPECTED-FAIL | firefox-tracemonkey-text-page5 | image comparison (==)
REFTEST   IMAGE 1 (TEST)(816x1056x1): test_snapshots/win32/firefox/tracemonkey-text/5.png
REFTEST   IMAGE 2 (REFERENCE)(816x1056x1): test_snapshots/win32/firefox/tracemonkey-text/5_ref.png
REFTEST TEST-UNEXPECTED-FAIL | firefox-tracemonkey-text-page8 | image comparison (==)
REFTEST   IMAGE 1 (TEST)(816x1056x1): test_snapshots/win32/firefox/tracemonkey-text/8.png
REFTEST   IMAGE 2 (REFERENCE)(816x1056x1): test_snapshots/win32/firefox/tracemonkey-text/8_ref.png
REFTEST TEST-UNEXPECTED-FAIL | firefox-tracemonkey-text-page9 | image comparison (==)
REFTEST   IMAGE 1 (TEST)(816x1056x1): test_snapshots/win32/firefox/tracemonkey-text/9.png
REFTEST   IMAGE 2 (REFERENCE)(816x1056x1): test_snapshots/win32/firefox/tracemonkey-text/9_ref.png
REFTEST TEST-UNEXPECTED-FAIL | firefox-tracemonkey-text-page10 | image comparison (==)
REFTEST   IMAGE 1 (TEST)(816x1056x1): test_snapshots/win32/firefox/tracemonkey-text/10.png
REFTEST   IMAGE 2 (REFERENCE)(816x1056x1): test_snapshots/win32/firefox/tracemonkey-text/10_ref.png
REFTEST TEST-UNEXPECTED-FAIL | firefox-tracemonkey-text-page11 | image comparison (==)
REFTEST   IMAGE 1 (TEST)(816x1056x1): test_snapshots/win32/firefox/tracemonkey-text/11.png
REFTEST   IMAGE 2 (REFERENCE)(816x1056x1): test_snapshots/win32/firefox/tracemonkey-text/11_ref.png
REFTEST TEST-UNEXPECTED-FAIL | firefox-tracemonkey-text-page13 | image comparison (==)
REFTEST   IMAGE 1 (TEST)(816x1056x1): test_snapshots/win32/firefox/tracemonkey-text/13.png
REFTEST   IMAGE 2 (REFERENCE)(816x1056x1): test_snapshots/win32/firefox/tracemonkey-text/13_ref.png
REFTEST TEST-UNEXPECTED-FAIL | firefox-issue3925-page1 | image comparison (==)
REFTEST   IMAGE 1 (TEST)(742x1090x1): test_snapshots/win32/firefox/issue3925/1.png
REFTEST   IMAGE 2 (REFERENCE)(742x1090x1): test_snapshots/win32/firefox/issue3925/1_ref.png
REFTEST TEST-UNEXPECTED-FAIL | firefox-issue11532-page2 | image comparison (==)
REFTEST   IMAGE 1 (TEST)(816x1056x1): test_snapshots/win32/firefox/issue11532/2.png
REFTEST   IMAGE 2 (REFERENCE)(816x1056x1): test_snapshots/win32/firefox/issue11532/2_ref.png
REFTEST TEST-UNEXPECTED-FAIL | firefox-issue11651-eq-page1 | image comparison (==)
REFTEST   IMAGE 1 (TEST)(400x400x1): test_snapshots/win32/firefox/issue11651-eq/1.png
REFTEST   IMAGE 2 (REFERENCE)(400x400x1): test_snapshots/win32/firefox/issue11651-eq/1_ref.png
REFTEST TEST-UNEXPECTED-FAIL | firefox-issue13915-page51 | image comparison (==)
REFTEST   IMAGE 1 (TEST)(816x1056x1): test_snapshots/win32/firefox/issue13915/51.png
REFTEST   IMAGE 2 (REFERENCE)(816x1056x1): test_snapshots/win32/firefox/issue13915/51_ref.png
REFTEST TEST-UNEXPECTED-FAIL | firefox-bug921760-page1 | image comparison (==)
REFTEST   IMAGE 1 (TEST)(794x1122x1): test_snapshots/win32/firefox/bug921760/1.png
REFTEST   IMAGE 2 (REFERENCE)(794x1122x1): test_snapshots/win32/firefox/bug921760/1_ref.png
REFTEST TEST-UNEXPECTED-FAIL | firefox-issue2391-2-page1 | image comparison (==)
REFTEST   IMAGE 1 (TEST)(793x1122x1): test_snapshots/win32/firefox/issue2391-2/1.png
REFTEST   IMAGE 2 (REFERENCE)(793x1122x1): test_snapshots/win32/firefox/issue2391-2/1_ref.png
REFTEST TEST-UNEXPECTED-FAIL | firefox-thuluthfont-pdf-page1 | image comparison (==)
REFTEST   IMAGE 1 (TEST)(1121x793x1): test_snapshots/win32/firefox/thuluthfont-pdf/1.png
REFTEST   IMAGE 2 (REFERENCE)(1121x793x1): test_snapshots/win32/firefox/thuluthfont-pdf/1_ref.png
REFTEST TEST-UNEXPECTED-FAIL | firefox-unix01-page1 | image comparison (==)
REFTEST   IMAGE 1 (TEST)(816x1056x1): test_snapshots/win32/firefox/unix01/1.png
REFTEST   IMAGE 2 (REFERENCE)(816x1056x1): test_snapshots/win32/firefox/unix01/1_ref.png
REFTEST TEST-UNEXPECTED-FAIL | firefox-unix01-page2 | image comparison (==)
REFTEST   IMAGE 1 (TEST)(816x1056x1): test_snapshots/win32/firefox/unix01/2.png
REFTEST   IMAGE 2 (REFERENCE)(816x1056x1): test_snapshots/win32/firefox/unix01/2_ref.png
REFTEST TEST-UNEXPECTED-FAIL | firefox-unix01-page3 | image comparison (==)
REFTEST   IMAGE 1 (TEST)(816x1056x1): test_snapshots/win32/firefox/unix01/3.png
REFTEST   IMAGE 2 (REFERENCE)(816x1056x1): test_snapshots/win32/firefox/unix01/3_ref.png
REFTEST TEST-UNEXPECTED-FAIL | firefox-unix01-page4 | image comparison (==)
REFTEST   IMAGE 1 (TEST)(816x1056x1): test_snapshots/win32/firefox/unix01/4.png
REFTEST   IMAGE 2 (REFERENCE)(816x1056x1): test_snapshots/win32/firefox/unix01/4_ref.png
REFTEST TEST-UNEXPECTED-FAIL | firefox-unix01-page5 | image comparison (==)
REFTEST   IMAGE 1 (TEST)(816x1056x1): test_snapshots/win32/firefox/unix01/5.png
REFTEST   IMAGE 2 (REFERENCE)(816x1056x1): test_snapshots/win32/firefox/unix01/5_ref.png
REFTEST TEST-UNEXPECTED-FAIL | firefox-unix01-page6 | image comparison (==)
REFTEST   IMAGE 1 (TEST)(816x1056x1): test_snapshots/win32/firefox/unix01/6.png
REFTEST   IMAGE 2 (REFERENCE)(816x1056x1): test_snapshots/win32/firefox/unix01/6_ref.png
REFTEST TEST-UNEXPECTED-FAIL | firefox-unix01-page7 | image comparison (==)
REFTEST   IMAGE 1 (TEST)(816x1056x1): test_snapshots/win32/firefox/unix01/7.png
REFTEST   IMAGE 2 (REFERENCE)(816x1056x1): test_snapshots/win32/firefox/unix01/7_ref.png
REFTEST TEST-UNEXPECTED-FAIL | firefox-unix01-page8 | image comparison (==)
REFTEST   IMAGE 1 (TEST)(816x1056x1): test_snapshots/win32/firefox/unix01/8.png
REFTEST   IMAGE 2 (REFERENCE)(816x1056x1): test_snapshots/win32/firefox/unix01/8_ref.png
REFTEST TEST-UNEXPECTED-FAIL | firefox-unix01-page9 | image comparison (==)
REFTEST   IMAGE 1 (TEST)(816x1056x1): test_snapshots/win32/firefox/unix01/9.png
REFTEST   IMAGE 2 (REFERENCE)(816x1056x1): test_snapshots/win32/firefox/unix01/9_ref.png
REFTEST TEST-UNEXPECTED-FAIL | firefox-unix01-page10 | image comparison (==)
REFTEST   IMAGE 1 (TEST)(816x1056x1): test_snapshots/win32/firefox/unix01/10.png
REFTEST   IMAGE 2 (REFERENCE)(816x1056x1): test_snapshots/win32/firefox/unix01/10_ref.png
REFTEST TEST-UNEXPECTED-FAIL | firefox-unix01-page11 | image comparison (==)
REFTEST   IMAGE 1 (TEST)(816x1056x1): test_snapshots/win32/firefox/unix01/11.png
REFTEST   IMAGE 2 (REFERENCE)(816x1056x1): test_snapshots/win32/firefox/unix01/11_ref.png
REFTEST TEST-UNEXPECTED-FAIL | firefox-unix01-page12 | image comparison (==)
REFTEST   IMAGE 1 (TEST)(816x1056x1): test_snapshots/win32/firefox/unix01/12.png
REFTEST   IMAGE 2 (REFERENCE)(816x1056x1): test_snapshots/win32/firefox/unix01/12_ref.png
REFTEST TEST-UNEXPECTED-FAIL | firefox-unix01-page13 | image comparison (==)
REFTEST   IMAGE 1 (TEST)(816x1056x1): test_snapshots/win32/firefox/unix01/13.png
REFTEST   IMAGE 2 (REFERENCE)(816x1056x1): test_snapshots/win32/firefox/unix01/13_ref.png
REFTEST TEST-UNEXPECTED-FAIL | firefox-unix01-page14 | image comparison (==)
REFTEST   IMAGE 1 (TEST)(816x1056x1): test_snapshots/win32/firefox/unix01/14.png
REFTEST   IMAGE 2 (REFERENCE)(816x1056x1): test_snapshots/win32/firefox/unix01/14_ref.png
REFTEST TEST-UNEXPECTED-FAIL | firefox-unix01-page15 | image comparison (==)
REFTEST   IMAGE 1 (TEST)(816x1056x1): test_snapshots/win32/firefox/unix01/15.png
REFTEST   IMAGE 2 (REFERENCE)(816x1056x1): test_snapshots/win32/firefox/unix01/15_ref.png
REFTEST TEST-UNEXPECTED-FAIL | firefox-unix01-page16 | image comparison (==)
REFTEST   IMAGE 1 (TEST)(816x1056x1): test_snapshots/win32/firefox/unix01/16.png
REFTEST   IMAGE 2 (REFERENCE)(816x1056x1): test_snapshots/win32/firefox/unix01/16_ref.png
REFTEST TEST-UNEXPECTED-FAIL | firefox-unix01-page17 | image comparison (==)
REFTEST   IMAGE 1 (TEST)(816x1056x1): test_snapshots/win32/firefox/unix01/17.png
REFTEST   IMAGE 2 (REFERENCE)(816x1056x1): test_snapshots/win32/firefox/unix01/17_ref.png
REFTEST TEST-UNEXPECTED-FAIL | firefox-unix01-page18 | image comparison (==)
REFTEST   IMAGE 1 (TEST)(816x1056x1): test_snapshots/win32/firefox/unix01/18.png
REFTEST   IMAGE 2 (REFERENCE)(816x1056x1): test_snapshots/win32/firefox/unix01/18_ref.png
REFTEST TEST-UNEXPECTED-FAIL | firefox-unix01-page19 | image comparison (==)
REFTEST   IMAGE 1 (TEST)(816x1056x1): test_snapshots/win32/firefox/unix01/19.png
REFTEST   IMAGE 2 (REFERENCE)(816x1056x1): test_snapshots/win32/firefox/unix01/19_ref.png
REFTEST TEST-UNEXPECTED-FAIL | firefox-unix01-page20 | image comparison (==)
REFTEST   IMAGE 1 (TEST)(816x1056x1): test_snapshots/win32/firefox/unix01/20.png
REFTEST   IMAGE 2 (REFERENCE)(816x1056x1): test_snapshots/win32/firefox/unix01/20_ref.png
REFTEST TEST-UNEXPECTED-FAIL | firefox-unix01-page21 | image comparison (==)
REFTEST   IMAGE 1 (TEST)(816x1056x1): test_snapshots/win32/firefox/unix01/21.png
REFTEST   IMAGE 2 (REFERENCE)(816x1056x1): test_snapshots/win32/firefox/unix01/21_ref.png
REFTEST TEST-UNEXPECTED-FAIL | firefox-unix01-page22 | image comparison (==)
REFTEST   IMAGE 1 (TEST)(816x1056x1): test_snapshots/win32/firefox/unix01/22.png
REFTEST   IMAGE 2 (REFERENCE)(816x1056x1): test_snapshots/win32/firefox/unix01/22_ref.png
REFTEST TEST-UNEXPECTED-FAIL | firefox-unix01-page23 | image comparison (==)
REFTEST   IMAGE 1 (TEST)(816x1056x1): test_snapshots/win32/firefox/unix01/23.png
REFTEST   IMAGE 2 (REFERENCE)(816x1056x1): test_snapshots/win32/firefox/unix01/23_ref.png
REFTEST TEST-UNEXPECTED-FAIL | firefox-unix01-page24 | image comparison (==)
REFTEST   IMAGE 1 (TEST)(816x1056x1): test_snapshots/win32/firefox/unix01/24.png
REFTEST   IMAGE 2 (REFERENCE)(816x1056x1): test_snapshots/win32/firefox/unix01/24_ref.png
REFTEST TEST-UNEXPECTED-FAIL | firefox-unix01-page25 | image comparison (==)
REFTEST   IMAGE 1 (TEST)(816x1056x1): test_snapshots/win32/firefox/unix01/25.png
REFTEST   IMAGE 2 (REFERENCE)(816x1056x1): test_snapshots/win32/firefox/unix01/25_ref.png
REFTEST TEST-UNEXPECTED-FAIL | firefox-unix01-page26 | image comparison (==)
REFTEST   IMAGE 1 (TEST)(816x1056x1): test_snapshots/win32/firefox/unix01/26.png
REFTEST   IMAGE 2 (REFERENCE)(816x1056x1): test_snapshots/win32/firefox/unix01/26_ref.png
REFTEST TEST-UNEXPECTED-FAIL | firefox-unix01-page27 | image comparison (==)
REFTEST   IMAGE 1 (TEST)(816x1056x1): test_snapshots/win32/firefox/unix01/27.png
REFTEST   IMAGE 2 (REFERENCE)(816x1056x1): test_snapshots/win32/firefox/unix01/27_ref.png
REFTEST TEST-UNEXPECTED-FAIL | firefox-unix01-page28 | image comparison (==)
REFTEST   IMAGE 1 (TEST)(816x1056x1): test_snapshots/win32/firefox/unix01/28.png
REFTEST   IMAGE 2 (REFERENCE)(816x1056x1): test_snapshots/win32/firefox/unix01/28_ref.png
REFTEST TEST-UNEXPECTED-FAIL | firefox-unix01-page29 | image comparison (==)
REFTEST   IMAGE 1 (TEST)(816x1056x1): test_snapshots/win32/firefox/unix01/29.png
REFTEST   IMAGE 2 (REFERENCE)(816x1056x1): test_snapshots/win32/firefox/unix01/29_ref.png
REFTEST TEST-UNEXPECTED-FAIL | firefox-unix01-page30 | image comparison (==)
REFTEST   IMAGE 1 (TEST)(816x1056x1): test_snapshots/win32/firefox/unix01/30.png
REFTEST   IMAGE 2 (REFERENCE)(816x1056x1): test_snapshots/win32/firefox/unix01/30_ref.png
REFTEST TEST-UNEXPECTED-FAIL | firefox-unix01-page31 | image comparison (==)
REFTEST   IMAGE 1 (TEST)(816x1056x1): test_snapshots/win32/firefox/unix01/31.png
REFTEST   IMAGE 2 (REFERENCE)(816x1056x1): test_snapshots/win32/firefox/unix01/31_ref.png
REFTEST TEST-UNEXPECTED-FAIL | firefox-franz-page1 | image comparison (==)
REFTEST   IMAGE 1 (TEST)(266x66x1): test_snapshots/win32/firefox/franz/1.png
REFTEST   IMAGE 2 (REFERENCE)(266x66x1): test_snapshots/win32/firefox/franz/1_ref.png
REFTEST TEST-UNEXPECTED-FAIL | firefox-issue19389-page1 | image comparison (==)
REFTEST   IMAGE 1 (TEST)(793x1122x1): test_snapshots/win32/firefox/issue19389/1.png
REFTEST   IMAGE 2 (REFERENCE)(793x1122x1): test_snapshots/win32/firefox/issue19389/1_ref.png
REFTEST TEST-UNEXPECTED-FAIL | firefox-xfa_filled_imm1344e-page1 | image comparison (==)
REFTEST   IMAGE 1 (TEST)(816x1056x1): test_snapshots/win32/firefox/xfa_filled_imm1344e/1.png
REFTEST   IMAGE 2 (REFERENCE)(816x1056x1): test_snapshots/win32/firefox/xfa_filled_imm1344e/1_ref.png
REFTEST TEST-UNEXPECTED-FAIL | firefox-xfa_imm5257e-page1 | image comparison (==)
REFTEST   IMAGE 1 (TEST)(816x1056x1): test_snapshots/win32/firefox/xfa_imm5257e/1.png
REFTEST   IMAGE 2 (REFERENCE)(816x1056x1): test_snapshots/win32/firefox/xfa_imm5257e/1_ref.png
REFTEST TEST-UNEXPECTED-FAIL | firefox-issue13756-page1 | image comparison (==)
REFTEST   IMAGE 1 (TEST)(793x1121x1): test_snapshots/win32/firefox/issue13756/1.png
REFTEST   IMAGE 2 (REFERENCE)(793x1121x1): test_snapshots/win32/firefox/issue13756/1_ref.png
REFTEST TEST-UNEXPECTED-FAIL | firefox-issue9105_other-page1 | image comparison (==)
REFTEST   IMAGE 1 (TEST)(816x1056x1): test_snapshots/win32/firefox/issue9105_other/1.png
REFTEST   IMAGE 2 (REFERENCE)(816x1056x1): test_snapshots/win32/firefox/issue9105_other/1_ref.png
REFTEST TEST-UNEXPECTED-FAIL | firefox-issue16843-text-page1 | image comparison (==)
REFTEST   IMAGE 1 (TEST)(816x1056x1): test_snapshots/win32/firefox/issue16843-text/1.png
REFTEST   IMAGE 2 (REFERENCE)(816x1056x1): test_snapshots/win32/firefox/issue16843-text/1_ref.png
REFTEST TEST-UNEXPECTED-FAIL | firefox-issue18941-page1 | image comparison (==)
REFTEST   IMAGE 1 (TEST)(816x1054x1): test_snapshots/win32/firefox/issue18941/1.png
REFTEST   IMAGE 2 (REFERENCE)(816x1054x1): test_snapshots/win32/firefox/issue18941/1_ref.png
REFTEST TEST-UNEXPECTED-FAIL | firefox-bug1219400-page1 | image comparison (==)
REFTEST   IMAGE 1 (TEST)(816x1056x1): test_snapshots/win32/firefox/bug1219400/1.png
REFTEST   IMAGE 2 (REFERENCE)(816x1056x1): test_snapshots/win32/firefox/bug1219400/1_ref.png
REFTEST TEST-UNEXPECTED-FAIL | firefox-mixedfonts-page1 | image comparison (==)
REFTEST   IMAGE 1 (TEST)(793x1122x1): test_snapshots/win32/firefox/mixedfonts/1.png
REFTEST   IMAGE 2 (REFERENCE)(793x1122x1): test_snapshots/win32/firefox/mixedfonts/1_ref.png
REFTEST TEST-UNEXPECTED-FAIL | firefox-issue12418-page1 | image comparison (==)
REFTEST   IMAGE 1 (TEST)(266x66x1): test_snapshots/win32/firefox/issue12418/1.png
REFTEST   IMAGE 2 (REFERENCE)(266x66x1): test_snapshots/win32/firefox/issue12418/1_ref.png
REFTEST TEST-UNEXPECTED-FAIL | firefox-issue6962-page1 | image comparison (==)
REFTEST   IMAGE 1 (TEST)(266x66x1): test_snapshots/win32/firefox/issue6962/1.png
REFTEST   IMAGE 2 (REFERENCE)(266x66x1): test_snapshots/win32/firefox/issue6962/1_ref.png
REFTEST TEST-UNEXPECTED-FAIL | firefox-issue7872-page1 | image comparison (==)
REFTEST   IMAGE 1 (TEST)(333x66x1): test_snapshots/win32/firefox/issue7872/1.png
REFTEST   IMAGE 2 (REFERENCE)(333x66x1): test_snapshots/win32/firefox/issue7872/1_ref.png
REFTEST TEST-UNEXPECTED-FAIL | firefox-issue1127-text-page1 | image comparison (==)
REFTEST   IMAGE 1 (TEST)(793x1122x1): test_snapshots/win32/firefox/issue1127-text/1.png
REFTEST   IMAGE 2 (REFERENCE)(793x1122x1): test_snapshots/win32/firefox/issue1127-text/1_ref.png
REFTEST TEST-UNEXPECTED-FAIL | firefox-issue1169-page1 | image comparison (==)
REFTEST   IMAGE 1 (TEST)(816x1056x1): test_snapshots/win32/firefox/issue1169/1.png
REFTEST   IMAGE 2 (REFERENCE)(816x1056x1): test_snapshots/win32/firefox/issue1169/1_ref.png
REFTEST TEST-UNEXPECTED-FAIL | firefox-issue1169-page2 | image comparison (==)
REFTEST   IMAGE 1 (TEST)(816x1056x1): test_snapshots/win32/firefox/issue1169/2.png
REFTEST   IMAGE 2 (REFERENCE)(816x1056x1): test_snapshots/win32/firefox/issue1169/2_ref.png
REFTEST TEST-UNEXPECTED-FAIL | firefox-issue1169-page3 | image comparison (==)
REFTEST   IMAGE 1 (TEST)(816x1056x1): test_snapshots/win32/firefox/issue1169/3.png
REFTEST   IMAGE 2 (REFERENCE)(816x1056x1): test_snapshots/win32/firefox/issue1169/3_ref.png
REFTEST TEST-UNEXPECTED-FAIL | firefox-issue1169-page4 | image comparison (==)
REFTEST   IMAGE 1 (TEST)(816x1056x1): test_snapshots/win32/firefox/issue1169/4.png
REFTEST   IMAGE 2 (REFERENCE)(816x1056x1): test_snapshots/win32/firefox/issue1169/4_ref.png
REFTEST TEST-UNEXPECTED-FAIL | firefox-issue1169-page5 | image comparison (==)
REFTEST   IMAGE 1 (TEST)(816x1056x1): test_snapshots/win32/firefox/issue1169/5.png
REFTEST   IMAGE 2 (REFERENCE)(816x1056x1): test_snapshots/win32/firefox/issue1169/5_ref.png
REFTEST TEST-UNEXPECTED-FAIL | firefox-issue1169-page6 | image comparison (==)
REFTEST   IMAGE 1 (TEST)(816x1056x1): test_snapshots/win32/firefox/issue1169/6.png
REFTEST   IMAGE 2 (REFERENCE)(816x1056x1): test_snapshots/win32/firefox/issue1169/6_ref.png
REFTEST TEST-UNEXPECTED-FAIL | firefox-issue1169-page7 | image comparison (==)
REFTEST   IMAGE 1 (TEST)(816x1056x1): test_snapshots/win32/firefox/issue1169/7.png
REFTEST   IMAGE 2 (REFERENCE)(816x1056x1): test_snapshots/win32/firefox/issue1169/7_ref.png
REFTEST TEST-UNEXPECTED-FAIL | firefox-issue15719-partial-page1 | image comparison (==)
REFTEST   IMAGE 1 (TEST)(801x1133x1): test_snapshots/win32/firefox/issue15719-partial/1.png
REFTEST   IMAGE 2 (REFERENCE)(801x1133x1): test_snapshots/win32/firefox/issue15719-partial/1_ref.png
REFTEST TEST-UNEXPECTED-FAIL | firefox-issue5972-page1 | image comparison (==)
REFTEST   IMAGE 1 (TEST)(266x66x1): test_snapshots/win32/firefox/issue5972/1.png
REFTEST   IMAGE 2 (REFERENCE)(266x66x1): test_snapshots/win32/firefox/issue5972/1_ref.png
REFTEST TEST-UNEXPECTED-FAIL | firefox-issue4244-page1 | image comparison (==)
REFTEST   IMAGE 1 (TEST)(793x1122x1): test_snapshots/win32/firefox/issue4244/1.png
REFTEST   IMAGE 2 (REFERENCE)(793x1122x1): test_snapshots/win32/firefox/issue4244/1_ref.png
REFTEST TEST-UNEXPECTED-FAIL | firefox-bug864847-page1 | image comparison (==)
REFTEST   IMAGE 1 (TEST)(266x266x1): test_snapshots/win32/firefox/bug864847/1.png
REFTEST   IMAGE 2 (REFERENCE)(266x266x1): test_snapshots/win32/firefox/bug864847/1_ref.png
REFTEST TEST-UNEXPECTED-FAIL | firefox-issue6117-page6 | image comparison (==)
REFTEST   IMAGE 1 (TEST)(816x1044x1): test_snapshots/win32/firefox/issue6117/6.png
REFTEST   IMAGE 2 (REFERENCE)(816x1044x1): test_snapshots/win32/firefox/issue6117/6_ref.png
REFTEST TEST-UNEXPECTED-FAIL | firefox-issue1466-partial-page2 | image comparison (==)
REFTEST   IMAGE 1 (TEST)(816x1056x1): test_snapshots/win32/firefox/issue1466-partial/2.png
REFTEST   IMAGE 2 (REFERENCE)(816x1056x1): test_snapshots/win32/firefox/issue1466-partial/2_ref.png
REFTEST TEST-UNEXPECTED-FAIL | firefox-issue1466-partial-page5 | image comparison (==)
REFTEST   IMAGE 1 (TEST)(816x1056x1): test_snapshots/win32/firefox/issue1466-partial/5.png
REFTEST   IMAGE 2 (REFERENCE)(816x1056x1): test_snapshots/win32/firefox/issue1466-partial/5_ref.png
REFTEST TEST-UNEXPECTED-FAIL | firefox-issue1466-partial-page6 | image comparison (==)
REFTEST   IMAGE 1 (TEST)(816x1056x1): test_snapshots/win32/firefox/issue1466-partial/6.png
REFTEST   IMAGE 2 (REFERENCE)(816x1056x1): test_snapshots/win32/firefox/issue1466-partial/6_ref.png
REFTEST TEST-UNEXPECTED-FAIL | firefox-issue1466-partial-page7 | image comparison (==)
REFTEST   IMAGE 1 (TEST)(816x1056x1): test_snapshots/win32/firefox/issue1466-partial/7.png
REFTEST   IMAGE 2 (REFERENCE)(816x1056x1): test_snapshots/win32/firefox/issue1466-partial/7_ref.png
REFTEST TEST-UNEXPECTED-FAIL | firefox-issue11678-page2 | image comparison (==)
REFTEST   IMAGE 1 (TEST)(793x1122x1): test_snapshots/win32/firefox/issue11678/2.png
REFTEST   IMAGE 2 (REFERENCE)(793x1122x1): test_snapshots/win32/firefox/issue11678/2_ref.png
REFTEST TEST-UNEXPECTED-FAIL | firefox-issue11287-page1 | image comparison (==)
REFTEST   IMAGE 1 (TEST)(816x1056x1): test_snapshots/win32/firefox/issue11287/1.png
REFTEST   IMAGE 2 (REFERENCE)(816x1056x1): test_snapshots/win32/firefox/issue11287/1_ref.png
REFTEST TEST-UNEXPECTED-FAIL | firefox-kdchart-page1 | image comparison (==)
REFTEST   IMAGE 1 (TEST)(816x1056x1): test_snapshots/win32/firefox/kdchart/1.png
REFTEST   IMAGE 2 (REFERENCE)(816x1056x1): test_snapshots/win32/firefox/kdchart/1_ref.png
REFTEST TEST-UNEXPECTED-FAIL | firefox-issue19800-eq-page1 | image comparison (==)
REFTEST   IMAGE 1 (TEST)(666x400x1): test_snapshots/win32/firefox/issue19800-eq/1.png
REFTEST   IMAGE 2 (REFERENCE)(666x400x1): test_snapshots/win32/firefox/issue19800-eq/1_ref.png
REFTEST TEST-UNEXPECTED-FAIL | firefox-issue12233-print-page1 | image comparison (==)
REFTEST   IMAGE 1 (TEST)(793x1122x1): test_snapshots/win32/firefox/issue12233-print/1.png
REFTEST   IMAGE 2 (REFERENCE)(793x1122x1): test_snapshots/win32/firefox/issue12233-print/1_ref.png
REFTEST TEST-UNEXPECTED-FAIL | firefox-issue6931-disable-isOffscreenCanvasSupported-page1 | image comparison (==)
REFTEST   IMAGE 1 (TEST)(816x1056x1): test_snapshots/win32/firefox/issue6931-disable-isOffscreenCanvasSupported/1.png
REFTEST   IMAGE 2 (REFERENCE)(816x1056x1): test_snapshots/win32/firefox/issue6931-disable-isOffscreenCanvasSupported/1_ref.png
REFTEST TEST-UNEXPECTED-FAIL | firefox-issue6127-page1 | image comparison (==)
REFTEST   IMAGE 1 (TEST)(793x1122x1): test_snapshots/win32/firefox/issue6127/1.png
REFTEST   IMAGE 2 (REFERENCE)(793x1122x1): test_snapshots/win32/firefox/issue6127/1_ref.png
REFTEST TEST-UNEXPECTED-FAIL | firefox-issue4872-forms-page1 | image comparison (==)
REFTEST   IMAGE 1 (TEST)(816x1152x1): test_snapshots/win32/firefox/issue4872-forms/1.png
REFTEST   IMAGE 2 (REFERENCE)(816x1152x1): test_snapshots/win32/firefox/issue4872-forms/1_ref.png
REFTEST TEST-UNEXPECTED-FAIL | firefox-issue14046-page1 | image comparison (==)
REFTEST   IMAGE 1 (TEST)(793x1122x1): test_snapshots/win32/firefox/issue14046/1.png
REFTEST   IMAGE 2 (REFERENCE)(793x1122x1): test_snapshots/win32/firefox/issue14046/1_ref.png
REFTEST TEST-UNEXPECTED-FAIL | firefox-issue14052-page1 | image comparison (==)
REFTEST   IMAGE 1 (TEST)(816x1056x1): test_snapshots/win32/firefox/issue14052/1.png
REFTEST   IMAGE 2 (REFERENCE)(816x1056x1): test_snapshots/win32/firefox/issue14052/1_ref.png
REFTEST TEST-UNEXPECTED-FAIL | firefox-tracemonkey-editor-rotation-page1 | image comparison (==)
REFTEST   IMAGE 1 (TEST)(816x1056x1): test_snapshots/win32/firefox/tracemonkey-editor-rotation/1.png
REFTEST   IMAGE 2 (REFERENCE)(816x1056x1): test_snapshots/win32/firefox/tracemonkey-editor-rotation/1_ref.png
REFTEST TEST-UNEXPECTED-FAIL | firefox-ascii_print_textfields-page1 | image comparison (==)
REFTEST   IMAGE 1 (TEST)(816x1056x1): test_snapshots/win32/firefox/ascii_print_textfields/1.png
REFTEST   IMAGE 2 (REFERENCE)(816x1056x1): test_snapshots/win32/firefox/ascii_print_textfields/1_ref.png
REFTEST TEST-UNEXPECTED-FAIL | firefox-bug1815476-save-print-page1 | image comparison (==)
REFTEST   IMAGE 1 (TEST)(793x1122x1): test_snapshots/win32/firefox/bug1815476-save-print/1.png
REFTEST   IMAGE 2 (REFERENCE)(793x1122x1): test_snapshots/win32/firefox/bug1815476-save-print/1_ref.png
REFTEST TEST-UNEXPECTED-FAIL | firefox-issue17215-annotations-page1 | image comparison (==)
REFTEST   IMAGE 1 (TEST)(793x1122x1): test_snapshots/win32/firefox/issue17215-annotations/1.png
REFTEST   IMAGE 2 (REFERENCE)(793x1122x1): test_snapshots/win32/firefox/issue17215-annotations/1_ref.png
REFTEST TEST-UNEXPECTED-FAIL | firefox-bug1903731-page1 | image comparison (==)
REFTEST   IMAGE 1 (TEST)(793x558x1): test_snapshots/win32/firefox/bug1903731/1.png
REFTEST   IMAGE 2 (REFERENCE)(793x558x1): test_snapshots/win32/firefox/bug1903731/1_ref.png
REFTEST TEST-UNEXPECTED-FAIL | firefox-bomb_giant_contents_image_stream-page1 | image comparison (==)
REFTEST   IMAGE 1 (TEST)(816x1056x1): test_snapshots/win32/firefox/bomb_giant_contents_image_stream/1.png
REFTEST   IMAGE 2 (REFERENCE)(816x1056x1): test_snapshots/win32/firefox/bomb_giant_contents_image_stream/1_ref.png
REFTEST TEST-UNEXPECTED-FAIL | firefox-radial_gradients-page1 | image comparison (==)
REFTEST   IMAGE 1 (TEST)(793x1122x1): test_snapshots/win32/firefox/radial_gradients/1.png
REFTEST   IMAGE 2 (REFERENCE)(793x1122x1): test_snapshots/win32/firefox/radial_gradients/1_ref.png
REFTEST TEST-UNEXPECTED-FAIL | firefox-radial_gradients-page2 | image comparison (==)
REFTEST   IMAGE 1 (TEST)(793x1122x1): test_snapshots/win32/firefox/radial_gradients/2.png
REFTEST   IMAGE 2 (REFERENCE)(793x1122x1): test_snapshots/win32/firefox/radial_gradients/2_ref.png
REFTEST TEST-UNEXPECTED-FAIL | firefox-radial_gradients-page3 | image comparison (==)
REFTEST   IMAGE 1 (TEST)(793x1122x1): test_snapshots/win32/firefox/radial_gradients/3.png
REFTEST   IMAGE 2 (REFERENCE)(793x1122x1): test_snapshots/win32/firefox/radial_gradients/3_ref.png
REFTEST TEST-UNEXPECTED-FAIL | firefox-radial_gradients-page4 | image comparison (==)
REFTEST   IMAGE 1 (TEST)(793x1122x1): test_snapshots/win32/firefox/radial_gradients/4.png
REFTEST   IMAGE 2 (REFERENCE)(793x1122x1): test_snapshots/win32/firefox/radial_gradients/4_ref.png
REFTEST TEST-UNEXPECTED-FAIL | firefox-radial_gradients-page5 | image comparison (==)
REFTEST   IMAGE 1 (TEST)(793x1122x1): test_snapshots/win32/firefox/radial_gradients/5.png
REFTEST   IMAGE 2 (REFERENCE)(793x1122x1): test_snapshots/win32/firefox/radial_gradients/5_ref.png
REFTEST TEST-UNEXPECTED-FAIL | firefox-issue20914-page1 | image comparison (==)
REFTEST   IMAGE 1 (TEST)(1486x1065x1): test_snapshots/win32/firefox/issue20914/1.png
REFTEST   IMAGE 2 (REFERENCE)(1486x1065x1): test_snapshots/win32/firefox/issue20914/1_ref.png
REFTEST TEST-UNEXPECTED-FAIL | firefox-issue21579-page1 | image comparison (==)
REFTEST   IMAGE 1 (TEST)(613x266x1): test_snapshots/win32/firefox/issue21579/1.png
REFTEST   IMAGE 2 (REFERENCE)(613x266x1): test_snapshots/win32/firefox/issue21579/1_ref.png
